action_id,agent_id,action_type,order_id,customer_id,reference_id,action_timestamp,outcome,policy_id,incident_id,details
ACT000001,A002,GET_ORDER,ORD01001,CUST05001,,2026-06-05 11:08:47,SUCCESS,,,
ACT000002,A002,UPDATE_RECORD,ORD01001,CUST05001,,2026-06-05 11:12:01,SUCCESS,,,
ACT000003,A002,SEND_MESSAGE,ORD01001,CUST05001,,2026-06-05 11:12:28,SUCCESS,,,
ACT000004,A001,GET_ORDER,ORD01002,CUST05002,,2026-05-30 14:01:35,SUCCESS,,,
ACT000005,A001,CHECK_DELIVERY,ORD01002,CUST05002,,2026-05-30 14:04:26,SUCCESS,,,
ACT000006,A001,CHECK_ELIGIBILITY,ORD01002,CUST05002,,2026-05-30 14:06:18,SUCCESS,,,
ACT000007,A001,CALCULATE_REFUND,ORD01002,CUST05002,,2026-05-30 14:08:53,SUCCESS,,,
ACT000008,A001,REFUND,ORD01002,CUST05002,,2026-05-30 14:12:40,FAILED,,,refund_amount=728.15
ACT000009,A002,GET_ORDER,ORD01003,CUST05003,,2026-05-20 11:48:21,SUCCESS,,,
ACT000010,A002,CHECK_ELIGIBILITY,ORD01003,CUST05003,,2026-05-20 11:50:03,SUCCESS,,,
ACT000011,A002,CANCEL_ORDER,ORD01003,CUST05003,,2026-05-20 11:53:44,SUCCESS,,,
ACT000012,A002,SEND_MESSAGE,ORD01003,CUST05003,,2026-05-20 11:54:56,SUCCESS,,,
ACT000013,A005,GET_ORDER,ORD01004,CUST05004,,2026-06-18 09:18:53,SUCCESS,,,
ACT000014,A005,SEND_MESSAGE,ORD01004,CUST05004,,2026-06-18 09:22:44,SUCCESS,,,
ACT000015,A004,GET_ORDER,ORD01005,CUST05005,,2026-05-06 16:49:18,SUCCESS,,,
ACT000016,A004,CHECK_ELIGIBILITY,ORD01005,CUST05005,,2026-05-06 16:53:01,SUCCESS,,,
ACT000017,A004,PAYMENT,ORD01005,CUST05005,,2026-05-06 16:53:31,SUCCESS,,,payment_amount=1371.16
ACT000018,A008,GET_ORDER,ORD01006,CUST05006,,2026-06-15 11:17:44,SUCCESS,,,
ACT000019,A008,APPLY_DISCOUNT,ORD01006,CUST05006,,2026-06-15 11:20:34,SUCCESS,,,
ACT000020,A008,SEND_MESSAGE,ORD01006,CUST05006,,2026-06-15 11:23:21,SUCCESS,,,
ACT000021,A004,GET_ORDER,ORD01007,CUST05007,,2026-06-18 12:59:40,SUCCESS,,,
ACT000022,A004,CHECK_ELIGIBILITY,ORD01007,CUST05007,,2026-06-18 13:00:41,SUCCESS,,,
ACT000023,A004,PAYMENT,ORD01007,CUST05007,,2026-06-18 13:04:21,SUCCESS,,,payment_amount=186.7
ACT000024,A009,GET_ORDER,ORD01008,CUST05008,,2026-06-21 12:13:58,SUCCESS,,,
ACT000025,A009,CHECK_DELIVERY,ORD01008,CUST05008,,2026-06-21 12:17:47,SUCCESS,,,
ACT000026,A009,CHECK_ELIGIBILITY,ORD01008,CUST05008,,2026-06-21 12:18:46,SUCCESS,,,
ACT000027,A009,CALCULATE_REFUND,ORD01008,CUST05008,,2026-06-21 12:20:32,SUCCESS,,,
ACT000028,A009,REFUND,ORD01008,CUST05008,,2026-06-21 12:23:21,SUCCESS,,,refund_amount=249.42
ACT000029,A005,GET_ORDER,ORD01009,CUST05009,,2026-07-14 13:37:25,SUCCESS,,,
ACT000030,A005,CHECK_ELIGIBILITY,ORD01009,CUST05009,,2026-07-14 13:38:05,SUCCESS,,,
ACT000031,A005,UPDATE_RECORD,ORD01009,CUST05009,,2026-07-14 13:38:33,SUCCESS,,,
ACT000032,A005,SEND_MESSAGE,ORD01009,CUST05009,,2026-07-14 13:42:18,SUCCESS,,,
ACT000033,A003,GET_ORDER,ORD01010,CUST05010,,2026-06-24 15:24:24,SUCCESS,,,
ACT000034,A003,CHECK_DELIVERY,ORD01010,CUST05010,,2026-06-24 15:26:28,SUCCESS,,,
ACT000035,A003,SHIP,ORD01010,CUST05010,,2026-06-24 15:28:54,SUCCESS,,,
ACT000036,A003,SEND_MESSAGE,ORD01010,CUST05010,,2026-06-24 15:29:01,SUCCESS,,,
ACT000037,A005,GET_ORDER,ORD01011,CUST05011,,2026-06-13 10:27:10,SUCCESS,,,
ACT000038,A005,CHECK_ELIGIBILITY,ORD01011,CUST05011,,2026-06-13 10:30:19,SUCCESS,,,
ACT000039,A005,UPDATE_RECORD,ORD01011,CUST05011,,2026-06-13 10:31:31,SUCCESS,,,
ACT000040,A005,SEND_MESSAGE,ORD01011,CUST05011,,2026-06-13 10:34:51,SUCCESS,,,
ACT000041,A007,GET_ORDER,ORD01012,CUST05012,,2026-06-08 18:32:38,SUCCESS,,,
ACT000042,A007,UPDATE_RECORD,ORD01012,CUST05012,,2026-06-08 18:34:18,SUCCESS,,,
ACT000043,A007,SEND_MESSAGE,ORD01012,CUST05012,,2026-06-08 18:36:41,SUCCESS,,,
ACT000044,A001,GET_ORDER,ORD01013,CUST05013,,2026-07-02 07:59:23,SUCCESS,,,
ACT000045,A001,CHECK_DELIVERY,ORD01013,CUST05013,,2026-07-02 08:03:00,SUCCESS,,,
ACT000046,A001,CHECK_ELIGIBILITY,ORD01013,CUST05013,,2026-07-02 08:04:06,SUCCESS,,,
ACT000047,A001,CALCULATE_REFUND,ORD01013,CUST05013,,2026-07-02 08:07:55,SUCCESS,,,
ACT000048,A001,REFUND,ORD01013,CUST05013,,2026-07-02 08:08:20,SUCCESS,,,refund_amount=445.1
ACT000049,A005,GET_ORDER,ORD01014,CUST05014,,2026-05-17 16:35:10,SUCCESS,,,
ACT000050,A005,CHECK_ELIGIBILITY,ORD01014,CUST05014,,2026-05-17 16:38:58,SUCCESS,,,
ACT000051,A005,UPDATE_RECORD,ORD01014,CUST05014,,2026-05-17 16:39:57,SUCCESS,,,
ACT000052,A005,SEND_MESSAGE,ORD01014,CUST05014,,2026-05-17 16:43:15,SUCCESS,,,
ACT000053,A006,GET_ORDER,ORD01015,CUST05015,,2026-06-17 13:33:28,SUCCESS,,,
ACT000054,A006,CHECK_DELIVERY,ORD01015,CUST05015,,2026-06-17 13:34:30,SUCCESS,,,
ACT000055,A006,RETURN,ORD01015,CUST05015,,2026-06-17 13:34:40,SUCCESS,,,
ACT000056,A006,UPDATE_RECORD,ORD01015,CUST05015,,2026-06-17 13:35:43,SUCCESS,,,
ACT000057,A007,GET_ORDER,ORD01016,CUST05016,,2026-05-08 11:57:02,SUCCESS,,,
ACT000058,A007,UPDATE_RECORD,ORD01016,CUST05016,,2026-05-08 11:57:25,SUCCESS,,,
ACT000059,A007,SEND_MESSAGE,ORD01016,CUST05016,,2026-05-08 11:58:41,SUCCESS,,,
ACT000060,A005,GET_ORDER,ORD01017,CUST05017,,2026-07-13 15:15:50,SUCCESS,,,
ACT000061,A005,CHECK_ELIGIBILITY,ORD01017,CUST05017,,2026-07-13 15:17:39,SUCCESS,,,
ACT000062,A005,UPDATE_RECORD,ORD01017,CUST05017,,2026-07-13 15:18:08,SUCCESS,,,
ACT000063,A005,SEND_MESSAGE,ORD01017,CUST05017,,2026-07-13 15:19:43,SUCCESS,,,
ACT000064,A001,GET_ORDER,ORD01018,CUST05018,,2026-05-13 09:46:21,SUCCESS,,,
ACT000065,A001,CHECK_DELIVERY,ORD01018,CUST05018,,2026-05-13 09:46:53,SUCCESS,,,
ACT000066,A001,CHECK_ELIGIBILITY,ORD01018,CUST05018,,2026-05-13 09:47:46,SUCCESS,,,
ACT000067,A001,CALCULATE_REFUND,ORD01018,CUST05018,,2026-05-13 09:48:26,SUCCESS,,,
ACT000068,A001,REFUND,ORD01018,CUST05018,,2026-05-13 09:49:42,SUCCESS,,,refund_amount=788.92
ACT000069,A005,GET_ORDER,ORD01019,CUST05019,,2026-07-10 09:41:34,SUCCESS,,,
ACT000070,A005,SEND_MESSAGE,ORD01019,CUST05019,,2026-07-10 09:42:02,SUCCESS,,,
ACT000071,A004,GET_ORDER,ORD01020,CUST05020,,2026-07-02 14:55:25,SUCCESS,,,
ACT000072,A004,CHECK_ELIGIBILITY,ORD01020,CUST05020,,2026-07-02 14:56:12,SUCCESS,,,
ACT000073,A004,PAYMENT,ORD01020,CUST05020,,2026-07-02 14:57:56,SUCCESS,,,payment_amount=2356.53
ACT000074,A006,GET_ORDER,ORD01021,CUST05021,,2026-07-11 16:31:09,SUCCESS,,,
ACT000075,A006,CHECK_DELIVERY,ORD01021,CUST05021,,2026-07-11 16:32:09,SUCCESS,,,
ACT000076,A006,RETURN,ORD01021,CUST05021,,2026-07-11 16:34:42,SUCCESS,,,
ACT000077,A006,UPDATE_RECORD,ORD01021,CUST05021,,2026-07-11 16:35:02,SUCCESS,,,
ACT000078,A001,GET_ORDER,ORD01022,CUST05022,,2026-07-04 19:33:10,SUCCESS,,,
ACT000079,A001,CHECK_DELIVERY,ORD01022,CUST05022,,2026-07-04 19:35:25,SUCCESS,,,
ACT000080,A001,CHECK_ELIGIBILITY,ORD01022,CUST05022,,2026-07-04 19:36:17,SUCCESS,,,
ACT000081,A001,CALCULATE_REFUND,ORD01022,CUST05022,,2026-07-04 19:36:39,SUCCESS,,,
ACT000082,A001,REFUND,ORD01022,CUST05022,,2026-07-04 19:37:44,SUCCESS,,,refund_amount=848.31
ACT000083,A004,GET_ORDER,ORD01023,CUST05023,,2026-05-06 16:26:42,SUCCESS,,,
ACT000084,A004,CHECK_ELIGIBILITY,ORD01023,CUST05023,,2026-05-06 16:29:00,SUCCESS,,,
ACT000085,A004,PAYMENT,ORD01023,CUST05023,,2026-05-06 16:30:11,SUCCESS,,,payment_amount=2154.25
ACT000086,A006,GET_ORDER,ORD01024,CUST05024,,2026-06-08 14:59:48,SUCCESS,,,
ACT000087,A006,CHECK_DELIVERY,ORD01024,CUST05024,,2026-06-08 14:59:55,SUCCESS,,,
ACT000088,A006,RETURN,ORD01024,CUST05024,,2026-06-08 15:02:24,SUCCESS,,,
ACT000089,A006,UPDATE_RECORD,ORD01024,CUST05024,,2026-06-08 15:02:47,SUCCESS,,,
ACT000090,A006,GET_ORDER,ORD01025,CUST05025,,2026-06-14 19:56:15,SUCCESS,,,
ACT000091,A006,CHECK_DELIVERY,ORD01025,CUST05025,,2026-06-14 19:57:00,SUCCESS,,,
ACT000092,A006,RETURN,ORD01025,CUST05025,,2026-06-14 19:59:24,SUCCESS,,,
ACT000093,A006,UPDATE_RECORD,ORD01025,CUST05025,,2026-06-14 20:02:05,SUCCESS,,,
ACT000094,A005,GET_ORDER,ORD01026,CUST05026,,2026-07-10 12:42:06,SUCCESS,,,
ACT000095,A005,CHECK_ELIGIBILITY,ORD01026,CUST05026,,2026-07-10 12:42:45,SUCCESS,,,
ACT000096,A005,UPDATE_RECORD,ORD01026,CUST05026,,2026-07-10 12:46:37,SUCCESS,,,
ACT000097,A005,SEND_MESSAGE,ORD01026,CUST05026,,2026-07-10 12:49:03,SUCCESS,,,
ACT000098,A004,GET_ORDER,ORD01027,CUST05027,,2026-05-27 16:54:16,SUCCESS,,,
ACT000099,A004,CHECK_ELIGIBILITY,ORD01027,CUST05027,,2026-05-27 16:55:25,SUCCESS,,,
ACT000100,A004,PAYMENT,ORD01027,CUST05027,,2026-05-27 16:59:06,SUCCESS,,,payment_amount=1910.17
ACT000101,A006,GET_ORDER,ORD01028,CUST05028,,2026-06-12 17:40:16,SUCCESS,,,
ACT000102,A006,CHECK_DELIVERY,ORD01028,CUST05028,,2026-06-12 17:42:14,SUCCESS,,,
ACT000103,A006,RETURN,ORD01028,CUST05028,,2026-06-12 17:44:08,SUCCESS,,,
ACT000104,A006,UPDATE_RECORD,ORD01028,CUST05028,,2026-06-12 17:44:41,SUCCESS,,,
ACT000105,A003,GET_ORDER,ORD01029,CUST05029,,2026-06-17 15:09:27,SUCCESS,,,
ACT000106,A003,CHECK_DELIVERY,ORD01029,CUST05029,,2026-06-17 15:10:50,SUCCESS,,,
ACT000107,A003,SHIP,ORD01029,CUST05029,,2026-06-17 15:14:18,SUCCESS,,,
ACT000108,A003,SEND_MESSAGE,ORD01029,CUST05029,,2026-06-17 15:14:33,SUCCESS,,,
ACT000109,A004,GET_ORDER,ORD01030,CUST05030,,2026-06-15 17:56:55,SUCCESS,,,
ACT000110,A004,CHECK_ELIGIBILITY,ORD01030,CUST05030,,2026-06-15 17:59:38,SUCCESS,,,
ACT000111,A004,PAYMENT,ORD01030,CUST05030,,2026-06-15 18:00:43,SUCCESS,,,payment_amount=2929.09
ACT000112,A003,GET_ORDER,ORD01031,CUST05031,,2026-05-04 11:59:21,SUCCESS,,,
ACT000113,A003,CHECK_DELIVERY,ORD01031,CUST05031,,2026-05-04 12:01:11,SUCCESS,,,
ACT000114,A003,SHIP,ORD01031,CUST05031,,2026-05-04 12:04:57,SUCCESS,,,
ACT000115,A003,SEND_MESSAGE,ORD01031,CUST05031,,2026-05-04 12:06:05,SUCCESS,,,
ACT000116,A002,GET_ORDER,ORD01032,CUST05032,,2026-05-05 18:14:12,SUCCESS,,,
ACT000117,A002,UPDATE_RECORD,ORD01032,CUST05032,,2026-05-05 18:16:14,SUCCESS,,,
ACT000118,A002,SEND_MESSAGE,ORD01032,CUST05032,,2026-05-05 18:19:49,SUCCESS,,,
ACT000119,A004,GET_ORDER,ORD01033,CUST05033,,2026-05-25 13:17:55,SUCCESS,,,
ACT000120,A004,CHECK_ELIGIBILITY,ORD01033,CUST05033,,2026-05-25 13:21:17,SUCCESS,,,
ACT000121,A004,PAYMENT,ORD01033,CUST05033,,2026-05-25 13:24:06,SUCCESS,,,payment_amount=2044.96
ACT000122,A005,GET_ORDER,ORD01034,CUST05034,,2026-05-04 10:16:11,SUCCESS,,,
ACT000123,A005,CHECK_ELIGIBILITY,ORD01034,CUST05034,,2026-05-04 10:17:23,FAILED,,,
ACT000124,A005,UPDATE_RECORD,ORD01034,CUST05034,,2026-05-04 10:20:00,SUCCESS,,,
ACT000125,A005,SEND_MESSAGE,ORD01034,CUST05034,,2026-05-04 10:23:11,SUCCESS,,,
ACT000126,A005,GET_ORDER,ORD01035,CUST05035,,2026-07-13 11:02:45,SUCCESS,,,
ACT000127,A005,CHECK_ELIGIBILITY,ORD01035,CUST05035,,2026-07-13 11:05:03,SUCCESS,,,
ACT000128,A005,UPDATE_RECORD,ORD01035,CUST05035,,2026-07-13 11:07:25,SUCCESS,,,
ACT000129,A005,SEND_MESSAGE,ORD01035,CUST05035,,2026-07-13 11:10:39,SUCCESS,,,
ACT000130,A008,GET_ORDER,ORD01036,CUST05036,,2026-06-12 16:42:54,SUCCESS,,,
ACT000131,A008,APPLY_DISCOUNT,ORD01036,CUST05036,,2026-06-12 16:46:49,SUCCESS,,,
ACT000132,A008,SEND_MESSAGE,ORD01036,CUST05036,,2026-06-12 16:48:13,SUCCESS,,,
ACT000133,A002,GET_ORDER,ORD01037,CUST05037,,2026-07-10 10:26:42,SUCCESS,,,
ACT000134,A002,CHECK_ELIGIBILITY,ORD01037,CUST05037,,2026-07-10 10:29:40,SUCCESS,,,
ACT000135,A002,CANCEL_ORDER,ORD01037,CUST05037,,2026-07-10 10:30:29,SUCCESS,,,
ACT000136,A002,SEND_MESSAGE,ORD01037,CUST05037,,2026-07-10 10:31:51,SUCCESS,,,
ACT000137,A001,GET_ORDER,ORD01038,CUST05038,,2026-05-27 13:37:38,SUCCESS,,,
ACT000138,A001,CHECK_DELIVERY,ORD01038,CUST05038,,2026-05-27 13:39:42,SUCCESS,,,
ACT000139,A001,CHECK_ELIGIBILITY,ORD01038,CUST05038,,2026-05-27 13:42:39,SUCCESS,,,
ACT000140,A001,CALCULATE_REFUND,ORD01038,CUST05038,,2026-05-27 13:44:45,SUCCESS,,,
ACT000141,A001,REFUND,ORD01038,CUST05038,,2026-05-27 13:48:13,SUCCESS,,,refund_amount=598.08
ACT000142,A005,GET_ORDER,ORD01039,CUST05039,,2026-06-12 09:48:15,SUCCESS,,,
ACT000143,A005,CHECK_ELIGIBILITY,ORD01039,CUST05039,,2026-06-12 09:49:17,SUCCESS,,,
ACT000144,A005,UPDATE_RECORD,ORD01039,CUST05039,,2026-06-12 09:49:59,FAILED,,,
ACT000145,A005,SEND_MESSAGE,ORD01039,CUST05039,,2026-06-12 09:51:06,SUCCESS,,,
ACT000146,A002,GET_ORDER,ORD01040,CUST05040,,2026-07-13 11:44:24,SUCCESS,,,
ACT000147,A002,UPDATE_RECORD,ORD01040,CUST05040,,2026-07-13 11:45:31,SUCCESS,,,
ACT000148,A002,SEND_MESSAGE,ORD01040,CUST05040,,2026-07-13 11:48:32,FAILED,,,
ACT000149,A007,GET_ORDER,ORD01041,CUST05041,,2026-05-29 10:44:33,SUCCESS,,,
ACT000150,A007,UPDATE_RECORD,ORD01041,CUST05041,,2026-05-29 10:47:00,SUCCESS,,,
ACT000151,A007,SEND_MESSAGE,ORD01041,CUST05041,,2026-05-29 10:50:42,SUCCESS,,,
ACT000152,A005,GET_ORDER,ORD01042,CUST05042,,2026-07-11 15:48:57,SUCCESS,,,
ACT000153,A005,SEND_MESSAGE,ORD01042,CUST05042,,2026-07-11 15:52:30,SUCCESS,,,
ACT000154,A002,GET_ORDER,ORD01043,CUST05043,,2026-07-10 13:10:47,SUCCESS,,,
ACT000155,A002,CHECK_ELIGIBILITY,ORD01043,CUST05043,,2026-07-10 13:12:47,SUCCESS,,,
ACT000156,A002,CANCEL_ORDER,ORD01043,CUST05043,,2026-07-10 13:13:55,SUCCESS,,,
ACT000157,A002,SEND_MESSAGE,ORD01043,CUST05043,,2026-07-10 13:15:10,SUCCESS,,,
ACT000158,A005,GET_ORDER,ORD01044,CUST05044,,2026-06-05 13:45:18,SUCCESS,,,
ACT000159,A005,SEND_MESSAGE,ORD01044,CUST05044,,2026-06-05 13:46:48,SUCCESS,,,
ACT000160,A002,GET_ORDER,ORD01045,CUST05045,,2026-05-30 13:09:45,SUCCESS,,,
ACT000161,A002,UPDATE_RECORD,ORD01045,CUST05045,,2026-05-30 13:11:36,SUCCESS,,,
ACT000162,A002,SEND_MESSAGE,ORD01045,CUST05045,,2026-05-30 13:13:59,SUCCESS,,,
ACT000163,A004,GET_ORDER,ORD01046,CUST05046,,2026-06-19 19:37:44,FAILED,,,
ACT000164,A004,CHECK_ELIGIBILITY,ORD01046,CUST05046,,2026-06-19 19:41:34,SUCCESS,,,
ACT000165,A004,PAYMENT,ORD01046,CUST05046,,2026-06-19 19:43:16,SUCCESS,,,payment_amount=2829.37
ACT000166,A002,GET_ORDER,ORD01047,CUST05047,,2026-06-23 15:47:34,SUCCESS,,,
ACT000167,A002,CHECK_ELIGIBILITY,ORD01047,CUST05047,,2026-06-23 15:51:28,SUCCESS,,,
ACT000168,A002,CANCEL_ORDER,ORD01047,CUST05047,,2026-06-23 15:52:29,SUCCESS,,,
ACT000169,A002,SEND_MESSAGE,ORD01047,CUST05047,,2026-06-23 15:54:38,FAILED,,,
ACT000170,A002,GET_ORDER,ORD01048,CUST05048,,2026-06-29 19:39:34,FAILED,,,
ACT000171,A002,CHECK_ELIGIBILITY,ORD01048,CUST05048,,2026-06-29 19:41:19,SUCCESS,,,
ACT000172,A002,CANCEL_ORDER,ORD01048,CUST05048,,2026-06-29 19:44:13,FAILED,,,
ACT000173,A002,SEND_MESSAGE,ORD01048,CUST05048,,2026-06-29 19:47:02,SUCCESS,,,
ACT000174,A010,GET_ORDER,ORD01049,CUST05049,,2026-06-03 13:13:29,SUCCESS,,,
ACT000175,A010,SEND_MESSAGE,ORD01049,CUST05049,,2026-06-03 13:16:48,SUCCESS,,,
ACT000176,A002,GET_ORDER,ORD01050,CUST05050,,2026-05-11 14:47:34,SUCCESS,,,
ACT000177,A002,CHECK_ELIGIBILITY,ORD01050,CUST05050,,2026-05-11 14:49:08,SUCCESS,,,
ACT000178,A002,CANCEL_ORDER,ORD01050,CUST05050,,2026-05-11 14:49:30,SUCCESS,,,
ACT000179,A002,SEND_MESSAGE,ORD01050,CUST05050,,2026-05-11 14:52:21,SUCCESS,,,
ACT000180,A004,GET_ORDER,ORD01051,CUST05051,,2026-05-03 16:15:08,SUCCESS,,,
ACT000181,A004,CHECK_ELIGIBILITY,ORD01051,CUST05051,,2026-05-03 16:15:42,SUCCESS,,,
ACT000182,A004,PAYMENT,ORD01051,CUST05051,,2026-05-03 16:16:42,SUCCESS,,,payment_amount=783.61
ACT000183,A003,GET_ORDER,ORD01052,CUST05052,,2026-05-15 17:10:19,SUCCESS,,,
ACT000184,A003,CHECK_DELIVERY,ORD01052,CUST05052,,2026-05-15 17:10:30,SUCCESS,,,
ACT000185,A003,SHIP,ORD01052,CUST05052,,2026-05-15 17:13:02,SUCCESS,,,
ACT000186,A003,SEND_MESSAGE,ORD01052,CUST05052,,2026-05-15 17:14:43,SUCCESS,,,
ACT000187,A004,GET_ORDER,ORD01053,CUST05053,,2026-06-01 09:49:19,SUCCESS,,,
ACT000188,A004,CHECK_ELIGIBILITY,ORD01053,CUST05053,,2026-06-01 09:51:57,SUCCESS,,,
ACT000189,A004,PAYMENT,ORD01053,CUST05053,,2026-06-01 09:55:25,SUCCESS,,,payment_amount=2352.25
ACT000190,A005,GET_ORDER,ORD01054,CUST05054,,2026-06-17 09:41:21,FAILED,,,
ACT000191,A005,CHECK_ELIGIBILITY,ORD01054,CUST05054,,2026-06-17 09:43:13,SUCCESS,,,
ACT000192,A005,UPDATE_RECORD,ORD01054,CUST05054,,2026-06-17 09:43:45,SUCCESS,,,
ACT000193,A005,SEND_MESSAGE,ORD01054,CUST05054,,2026-06-17 09:45:22,SUCCESS,,,
ACT000194,A005,GET_ORDER,ORD01055,CUST05055,,2026-06-25 10:33:41,SUCCESS,,,
ACT000195,A005,SEND_MESSAGE,ORD01055,CUST05055,,2026-06-25 10:37:12,SUCCESS,,,
ACT000196,A005,GET_ORDER,ORD01056,CUST05056,,2026-07-15 12:54:15,SUCCESS,,,
ACT000197,A005,SEND_MESSAGE,ORD01056,CUST05056,,2026-07-15 12:54:42,SUCCESS,,,
ACT000198,A004,GET_ORDER,ORD01057,CUST05057,,2026-07-12 15:24:21,FAILED,,,
ACT000199,A004,CHECK_ELIGIBILITY,ORD01057,CUST05057,,2026-07-12 15:28:03,SUCCESS,,,
ACT000200,A004,PAYMENT,ORD01057,CUST05057,,2026-07-12 15:30:12,SUCCESS,,,payment_amount=2397.54
ACT000201,A006,GET_ORDER,ORD01058,CUST05058,,2026-06-05 15:33:12,SUCCESS,,,
ACT000202,A006,CHECK_DELIVERY,ORD01058,CUST05058,,2026-06-05 15:36:21,SUCCESS,,,
ACT000203,A006,RETURN,ORD01058,CUST05058,,2026-06-05 15:38:48,SUCCESS,,,
ACT000204,A006,UPDATE_RECORD,ORD01058,CUST05058,,2026-06-05 15:41:49,SUCCESS,,,
ACT000205,A005,GET_ORDER,ORD01059,CUST05059,,2026-05-03 09:14:25,SUCCESS,,,
ACT000206,A005,SEND_MESSAGE,ORD01059,CUST05059,,2026-05-03 09:15:48,SUCCESS,,,
ACT000207,A005,GET_ORDER,ORD01060,CUST05060,,2026-06-14 13:47:35,SUCCESS,,,
ACT000208,A005,SEND_MESSAGE,ORD01060,CUST05060,,2026-06-14 13:50:39,SUCCESS,,,
ACT000209,A006,GET_ORDER,ORD01061,CUST05061,,2026-05-25 12:47:34,SUCCESS,,,
ACT000210,A006,CHECK_DELIVERY,ORD01061,CUST05061,,2026-05-25 12:50:35,SUCCESS,,,
ACT000211,A006,RETURN,ORD01061,CUST05061,,2026-05-25 12:51:35,SUCCESS,,,
ACT000212,A006,UPDATE_RECORD,ORD01061,CUST05061,,2026-05-25 12:52:50,SUCCESS,,,
ACT000213,A005,GET_ORDER,ORD01062,CUST05062,,2026-05-13 18:18:14,SUCCESS,,,
ACT000214,A005,CHECK_ELIGIBILITY,ORD01062,CUST05062,,2026-05-13 18:19:36,FAILED,,,
ACT000215,A005,UPDATE_RECORD,ORD01062,CUST05062,,2026-05-13 18:21:57,SUCCESS,,,
ACT000216,A005,SEND_MESSAGE,ORD01062,CUST05062,,2026-05-13 18:22:13,SUCCESS,,,
ACT000217,A006,GET_ORDER,ORD01063,CUST05063,,2026-05-17 16:48:31,SUCCESS,,,
ACT000218,A006,CHECK_DELIVERY,ORD01063,CUST05063,,2026-05-17 16:48:39,SUCCESS,,,
ACT000219,A006,RETURN,ORD01063,CUST05063,,2026-05-17 16:50:44,SUCCESS,,,
ACT000220,A006,UPDATE_RECORD,ORD01063,CUST05063,,2026-05-17 16:52:16,SUCCESS,,,
ACT000221,A006,GET_ORDER,ORD01064,CUST05064,,2026-07-01 10:04:25,SUCCESS,,,
ACT000222,A006,CHECK_DELIVERY,ORD01064,CUST05064,,2026-07-01 10:06:57,SUCCESS,,,
ACT000223,A006,RETURN,ORD01064,CUST05064,,2026-07-01 10:07:15,SUCCESS,,,
ACT000224,A006,UPDATE_RECORD,ORD01064,CUST05064,,2026-07-01 10:10:47,SUCCESS,,,
ACT000225,A007,GET_ORDER,ORD01065,CUST05065,,2026-05-16 15:26:38,SUCCESS,,,
ACT000226,A007,UPDATE_RECORD,ORD01065,CUST05065,,2026-05-16 15:29:21,SUCCESS,,,
ACT000227,A007,SEND_MESSAGE,ORD01065,CUST05065,,2026-05-16 15:31:39,SUCCESS,,,
ACT000228,A005,GET_ORDER,ORD01066,CUST05066,,2026-07-15 21:19:36,SUCCESS,,,
ACT000229,A005,SEND_MESSAGE,ORD01066,CUST05066,,2026-07-15 21:22:17,SUCCESS,,,
ACT000230,A004,GET_ORDER,ORD01067,CUST05067,,2026-06-03 16:10:15,SUCCESS,,,
ACT000231,A004,CHECK_ELIGIBILITY,ORD01067,CUST05067,,2026-06-03 16:10:39,SUCCESS,,,
ACT000232,A004,PAYMENT,ORD01067,CUST05067,,2026-06-03 16:12:28,SUCCESS,,,payment_amount=1789.56
ACT000233,A001,GET_ORDER,ORD01068,CUST05068,,2026-06-06 17:29:04,SUCCESS,,,
ACT000234,A001,CHECK_DELIVERY,ORD01068,CUST05068,,2026-06-06 17:30:16,SUCCESS,,,
ACT000235,A001,CHECK_ELIGIBILITY,ORD01068,CUST05068,,2026-06-06 17:33:01,SUCCESS,,,
ACT000236,A001,CALCULATE_REFUND,ORD01068,CUST05068,,2026-06-06 17:36:31,SUCCESS,,,
ACT000237,A001,REFUND,ORD01068,CUST05068,,2026-06-06 17:38:24,SUCCESS,,,refund_amount=213.96
ACT000238,A006,GET_ORDER,ORD01069,CUST05069,,2026-05-10 09:50:19,SUCCESS,,,
ACT000239,A006,CHECK_DELIVERY,ORD01069,CUST05069,,2026-05-10 09:53:55,SUCCESS,,,
ACT000240,A006,RETURN,ORD01069,CUST05069,,2026-05-10 09:55:13,SUCCESS,,,
ACT000241,A006,UPDATE_RECORD,ORD01069,CUST05069,,2026-05-10 09:57:17,SUCCESS,,,
ACT000242,A002,GET_ORDER,ORD01070,CUST05070,,2026-07-04 15:28:05,SUCCESS,,,
ACT000243,A002,CHECK_ELIGIBILITY,ORD01070,CUST05070,,2026-07-04 15:31:57,SUCCESS,,,
ACT000244,A002,CANCEL_ORDER,ORD01070,CUST05070,,2026-07-04 15:33:24,SUCCESS,,,
ACT000245,A002,SEND_MESSAGE,ORD01070,CUST05070,,2026-07-04 15:33:35,SUCCESS,,,
ACT000246,A009,GET_ORDER,ORD01071,CUST05071,,2026-06-04 15:48:48,SUCCESS,,,
ACT000247,A009,CHECK_DELIVERY,ORD01071,CUST05071,,2026-06-04 15:51:05,SUCCESS,,,
ACT000248,A009,CHECK_ELIGIBILITY,ORD01071,CUST05071,,2026-06-04 15:55:04,SUCCESS,,,
ACT000249,A009,CALCULATE_REFUND,ORD01071,CUST05071,,2026-06-04 15:57:38,SUCCESS,,,
ACT000250,A009,REFUND,ORD01071,CUST05071,,2026-06-04 16:01:11,SUCCESS,,,refund_amount=95.75
ACT000251,A002,GET_ORDER,ORD01072,CUST05072,,2026-05-14 18:21:26,SUCCESS,,,
ACT000252,A002,CHECK_ELIGIBILITY,ORD01072,CUST05072,,2026-05-14 18:22:44,SUCCESS,,,
ACT000253,A002,CANCEL_ORDER,ORD01072,CUST05072,,2026-05-14 18:24:31,SUCCESS,,,
ACT000254,A002,SEND_MESSAGE,ORD01072,CUST05072,,2026-05-14 18:26:56,FAILED,,,
ACT000255,A008,GET_ORDER,ORD01073,CUST05073,,2026-05-15 20:25:55,SUCCESS,,,
ACT000256,A008,APPLY_DISCOUNT,ORD01073,CUST05073,,2026-05-15 20:26:00,SUCCESS,,,
ACT000257,A008,SEND_MESSAGE,ORD01073,CUST05073,,2026-05-15 20:28:23,SUCCESS,,,
ACT000258,A004,GET_ORDER,ORD01074,CUST05074,,2026-07-03 16:48:03,SUCCESS,,,
ACT000259,A004,CHECK_ELIGIBILITY,ORD01074,CUST05074,,2026-07-03 16:50:28,SUCCESS,,,
ACT000260,A004,PAYMENT,ORD01074,CUST05074,,2026-07-03 16:51:46,SUCCESS,,,payment_amount=2100.79
ACT000261,A009,GET_ORDER,ORD01075,CUST05075,,2026-05-31 17:19:35,FAILED,,,
ACT000262,A009,CHECK_DELIVERY,ORD01075,CUST05075,,2026-05-31 17:21:24,SUCCESS,,,
ACT000263,A009,CHECK_ELIGIBILITY,ORD01075,CUST05075,,2026-05-31 17:25:04,SUCCESS,,,
ACT000264,A009,CALCULATE_REFUND,ORD01075,CUST05075,,2026-05-31 17:27:07,SUCCESS,,,
ACT000265,A009,REFUND,ORD01075,CUST05075,,2026-05-31 17:29:57,SUCCESS,,,refund_amount=456.06
ACT000266,A006,GET_ORDER,ORD01076,CUST05076,,2026-06-04 13:30:30,SUCCESS,,,
ACT000267,A006,CHECK_DELIVERY,ORD01076,CUST05076,,2026-06-04 13:32:56,SUCCESS,,,
ACT000268,A006,RETURN,ORD01076,CUST05076,,2026-06-04 13:33:49,SUCCESS,,,
ACT000269,A006,UPDATE_RECORD,ORD01076,CUST05076,,2026-06-04 13:36:04,SUCCESS,,,
ACT000270,A002,GET_ORDER,ORD01077,CUST05077,,2026-06-23 12:50:32,SUCCESS,,,
ACT000271,A002,UPDATE_RECORD,ORD01077,CUST05077,,2026-06-23 12:50:37,SUCCESS,,,
ACT000272,A002,SEND_MESSAGE,ORD01077,CUST05077,,2026-06-23 12:51:58,SUCCESS,,,
ACT000273,A005,GET_ORDER,ORD01078,CUST05078,,2026-06-27 15:22:21,SUCCESS,,,
ACT000274,A005,SEND_MESSAGE,ORD01078,CUST05078,,2026-06-27 15:24:45,SUCCESS,,,
ACT000275,A004,GET_ORDER,ORD01079,CUST05079,,2026-05-31 15:14:54,SUCCESS,,,
ACT000276,A004,CHECK_ELIGIBILITY,ORD01079,CUST05079,,2026-05-31 15:15:10,SUCCESS,,,
ACT000277,A004,PAYMENT,ORD01079,CUST05079,,2026-05-31 15:17:16,SUCCESS,,,payment_amount=2438.0
ACT000278,A003,GET_ORDER,ORD01080,CUST05080,,2026-05-05 10:37:21,SUCCESS,,,
ACT000279,A003,CHECK_DELIVERY,ORD01080,CUST05080,,2026-05-05 10:41:09,SUCCESS,,,
ACT000280,A003,SHIP,ORD01080,CUST05080,,2026-05-05 10:41:39,SUCCESS,,,
ACT000281,A003,SEND_MESSAGE,ORD01080,CUST05080,,2026-05-05 10:43:40,FAILED,,,
ACT000282,A002,GET_ORDER,ORD01081,CUST05081,,2026-05-20 09:50:16,SUCCESS,,,
ACT000283,A002,CHECK_ELIGIBILITY,ORD01081,CUST05081,,2026-05-20 09:53:18,SUCCESS,,,
ACT000284,A002,CANCEL_ORDER,ORD01081,CUST05081,,2026-05-20 09:53:43,SUCCESS,,,
ACT000285,A002,SEND_MESSAGE,ORD01081,CUST05081,,2026-05-20 09:57:26,SUCCESS,,,
ACT000286,A002,GET_ORDER,ORD01082,CUST05082,,2026-07-02 18:02:39,SUCCESS,,,
ACT000287,A002,CHECK_ELIGIBILITY,ORD01082,CUST05082,,2026-07-02 18:05:25,SUCCESS,,,
ACT000288,A002,CANCEL_ORDER,ORD01082,CUST05082,,2026-07-02 18:06:43,SUCCESS,,,
ACT000289,A002,SEND_MESSAGE,ORD01082,CUST05082,,2026-07-02 18:09:59,SUCCESS,,,
ACT000290,A002,GET_ORDER,ORD01083,CUST05083,,2026-06-08 19:02:20,SUCCESS,,,
ACT000291,A002,UPDATE_RECORD,ORD01083,CUST05083,,2026-06-08 19:03:40,SUCCESS,,,
ACT000292,A002,SEND_MESSAGE,ORD01083,CUST05083,,2026-06-08 19:05:35,SUCCESS,,,
ACT000293,A002,GET_ORDER,ORD01084,CUST05084,,2026-05-24 10:05:39,SUCCESS,,,
ACT000294,A002,CHECK_ELIGIBILITY,ORD01084,CUST05084,,2026-05-24 10:08:22,SUCCESS,,,
ACT000295,A002,CANCEL_ORDER,ORD01084,CUST05084,,2026-05-24 10:10:34,SUCCESS,,,
ACT000296,A002,SEND_MESSAGE,ORD01084,CUST05084,,2026-05-24 10:11:15,SUCCESS,,,
ACT000297,A006,GET_ORDER,ORD01085,CUST05085,,2026-05-02 19:29:57,SUCCESS,,,
ACT000298,A006,CHECK_DELIVERY,ORD01085,CUST05085,,2026-05-02 19:32:21,SUCCESS,,,
ACT000299,A006,RETURN,ORD01085,CUST05085,,2026-05-02 19:34:19,SUCCESS,,,
ACT000300,A006,UPDATE_RECORD,ORD01085,CUST05085,,2026-05-02 19:36:54,SUCCESS,,,
ACT000301,A006,GET_ORDER,ORD01086,CUST05086,,2026-06-08 11:24:54,SUCCESS,,,
ACT000302,A006,CHECK_DELIVERY,ORD01086,CUST05086,,2026-06-08 11:25:59,SUCCESS,,,
ACT000303,A006,RETURN,ORD01086,CUST05086,,2026-06-08 11:27:35,SUCCESS,,,
ACT000304,A006,UPDATE_RECORD,ORD01086,CUST05086,,2026-06-08 11:30:39,SUCCESS,,,
ACT000305,A002,GET_ORDER,ORD01087,CUST05087,,2026-07-12 18:49:47,SUCCESS,,,
ACT000306,A002,CHECK_ELIGIBILITY,ORD01087,CUST05087,,2026-07-12 18:53:45,SUCCESS,,,
ACT000307,A002,CANCEL_ORDER,ORD01087,CUST05087,,2026-07-12 18:55:57,SUCCESS,,,
ACT000308,A002,SEND_MESSAGE,ORD01087,CUST05087,,2026-07-12 18:59:53,SUCCESS,,,
ACT000309,A004,GET_ORDER,ORD01088,CUST05088,,2026-06-15 11:12:39,SUCCESS,,,
ACT000310,A004,CHECK_ELIGIBILITY,ORD01088,CUST05088,,2026-06-15 11:15:57,SUCCESS,,,
ACT000311,A004,PAYMENT,ORD01088,CUST05088,,2026-06-15 11:18:50,SUCCESS,,,payment_amount=427.6
ACT000312,A001,GET_ORDER,ORD01089,CUST05089,,2026-06-26 08:23:46,SUCCESS,,,
ACT000313,A001,CHECK_DELIVERY,ORD01089,CUST05089,,2026-06-26 08:27:43,SUCCESS,,,
ACT000314,A001,CHECK_ELIGIBILITY,ORD01089,CUST05089,,2026-06-26 08:30:59,SUCCESS,,,
ACT000315,A001,CALCULATE_REFUND,ORD01089,CUST05089,,2026-06-26 08:31:55,SUCCESS,,,
ACT000316,A001,REFUND,ORD01089,CUST05089,,2026-06-26 08:34:18,SUCCESS,,,refund_amount=338.78
ACT000317,A006,GET_ORDER,ORD01090,CUST05090,,2026-06-02 19:30:51,SUCCESS,,,
ACT000318,A006,CHECK_DELIVERY,ORD01090,CUST05090,,2026-06-02 19:34:38,SUCCESS,,,
ACT000319,A006,RETURN,ORD01090,CUST05090,,2026-06-02 19:35:12,SUCCESS,,,
ACT000320,A006,UPDATE_RECORD,ORD01090,CUST05090,,2026-06-02 19:35:36,SUCCESS,,,
ACT000321,A002,GET_ORDER,ORD01091,CUST05091,,2026-07-11 13:50:25,FAILED,,,
ACT000322,A002,CHECK_ELIGIBILITY,ORD01091,CUST05091,,2026-07-11 13:52:47,SUCCESS,,,
ACT000323,A002,CANCEL_ORDER,ORD01091,CUST05091,,2026-07-11 13:54:26,SUCCESS,,,
ACT000324,A002,SEND_MESSAGE,ORD01091,CUST05091,,2026-07-11 13:57:23,SUCCESS,,,
ACT000325,A008,GET_ORDER,ORD01092,CUST05092,,2026-05-30 14:39:56,SUCCESS,,,
ACT000326,A008,APPLY_DISCOUNT,ORD01092,CUST05092,,2026-05-30 14:41:24,SUCCESS,,,
ACT000327,A008,SEND_MESSAGE,ORD01092,CUST05092,,2026-05-30 14:42:25,SUCCESS,,,
ACT000328,A005,GET_ORDER,ORD01093,CUST05093,,2026-06-08 16:07:08,SUCCESS,,,
ACT000329,A005,SEND_MESSAGE,ORD01093,CUST05093,,2026-06-08 16:07:22,SUCCESS,,,
ACT000330,A002,GET_ORDER,ORD01094,CUST05094,,2026-07-08 10:29:23,SUCCESS,,,
ACT000331,A002,UPDATE_RECORD,ORD01094,CUST05094,,2026-07-08 10:32:38,SUCCESS,,,
ACT000332,A002,SEND_MESSAGE,ORD01094,CUST05094,,2026-07-08 10:35:01,SUCCESS,,,
ACT000333,A003,GET_ORDER,ORD01095,CUST05095,,2026-05-13 18:39:26,SUCCESS,,,
ACT000334,A003,CHECK_DELIVERY,ORD01095,CUST05095,,2026-05-13 18:40:42,FAILED,,,
ACT000335,A003,SHIP,ORD01095,CUST05095,,2026-05-13 18:42:21,SUCCESS,,,
ACT000336,A003,SEND_MESSAGE,ORD01095,CUST05095,,2026-05-13 18:44:19,SUCCESS,,,
ACT000337,A008,GET_ORDER,ORD01096,CUST05096,,2026-06-17 15:41:22,SUCCESS,,,
ACT000338,A008,APPLY_DISCOUNT,ORD01096,CUST05096,,2026-06-17 15:42:37,SUCCESS,,,
ACT000339,A008,SEND_MESSAGE,ORD01096,CUST05096,,2026-06-17 15:43:13,SUCCESS,,,
ACT000340,A010,GET_ORDER,ORD01097,CUST05097,,2026-05-28 16:38:01,SUCCESS,,,
ACT000341,A010,SEND_MESSAGE,ORD01097,CUST05097,,2026-05-28 16:39:31,SUCCESS,,,
ACT000342,A004,GET_ORDER,ORD01098,CUST05098,,2026-07-10 11:13:52,SUCCESS,,,
ACT000343,A004,CHECK_ELIGIBILITY,ORD01098,CUST05098,,2026-07-10 11:15:21,SUCCESS,,,
ACT000344,A004,PAYMENT,ORD01098,CUST05098,,2026-07-10 11:18:47,SUCCESS,,,payment_amount=28.45
ACT000345,A003,GET_ORDER,ORD01099,CUST05099,,2026-07-09 11:11:07,SUCCESS,,,
ACT000346,A003,CHECK_DELIVERY,ORD01099,CUST05099,,2026-07-09 11:11:18,SUCCESS,,,
ACT000347,A003,SHIP,ORD01099,CUST05099,,2026-07-09 11:12:54,SUCCESS,,,
ACT000348,A003,SEND_MESSAGE,ORD01099,CUST05099,,2026-07-09 11:13:59,SUCCESS,,,
ACT000349,A003,GET_ORDER,ORD01100,CUST05100,,2026-05-17 17:33:07,SUCCESS,,,
ACT000350,A003,CHECK_DELIVERY,ORD01100,CUST05100,,2026-05-17 17:35:13,SUCCESS,,,
ACT000351,A003,SHIP,ORD01100,CUST05100,,2026-05-17 17:36:50,SUCCESS,,,
ACT000352,A003,SEND_MESSAGE,ORD01100,CUST05100,,2026-05-17 17:37:22,SUCCESS,,,
ACT000353,A001,GET_ORDER,ORD01101,CUST05101,,2026-07-06 12:41:01,SUCCESS,,,
ACT000354,A001,CHECK_DELIVERY,ORD01101,CUST05101,,2026-07-06 12:43:08,SUCCESS,,,
ACT000355,A001,CHECK_ELIGIBILITY,ORD01101,CUST05101,,2026-07-06 12:45:02,SUCCESS,,,
ACT000356,A001,CALCULATE_REFUND,ORD01101,CUST05101,,2026-07-06 12:47:12,SUCCESS,,,
ACT000357,A001,REFUND,ORD01101,CUST05101,,2026-07-06 12:49:10,SUCCESS,,,refund_amount=86.5
ACT000358,A003,GET_ORDER,ORD01102,CUST05102,,2026-06-05 16:37:35,SUCCESS,,,
ACT000359,A003,CHECK_DELIVERY,ORD01102,CUST05102,,2026-06-05 16:39:17,SUCCESS,,,
ACT000360,A003,SHIP,ORD01102,CUST05102,,2026-06-05 16:41:37,SUCCESS,,,
ACT000361,A003,SEND_MESSAGE,ORD01102,CUST05102,,2026-06-05 16:43:51,SUCCESS,,,
ACT000362,A007,GET_ORDER,ORD01103,CUST05103,,2026-07-10 17:13:27,SUCCESS,,,
ACT000363,A007,UPDATE_RECORD,ORD01103,CUST05103,,2026-07-10 17:14:30,SUCCESS,,,
ACT000364,A007,SEND_MESSAGE,ORD01103,CUST05103,,2026-07-10 17:18:06,SUCCESS,,,
ACT000365,A002,GET_ORDER,ORD01104,CUST05104,,2026-06-10 16:23:09,SUCCESS,,,
ACT000366,A002,UPDATE_RECORD,ORD01104,CUST05104,,2026-06-10 16:25:15,SUCCESS,,,
ACT000367,A002,SEND_MESSAGE,ORD01104,CUST05104,,2026-06-10 16:28:52,SUCCESS,,,
ACT000368,A007,GET_ORDER,ORD01105,CUST05105,,2026-06-17 18:35:03,SUCCESS,,,
ACT000369,A007,UPDATE_RECORD,ORD01105,CUST05105,,2026-06-17 18:37:31,SUCCESS,,,
ACT000370,A007,SEND_MESSAGE,ORD01105,CUST05105,,2026-06-17 18:40:27,SUCCESS,,,
ACT000371,A002,GET_ORDER,ORD01106,CUST05106,,2026-05-07 20:38:19,SUCCESS,,,
ACT000372,A002,CHECK_ELIGIBILITY,ORD01106,CUST05106,,2026-05-07 20:40:51,SUCCESS,,,
ACT000373,A002,CANCEL_ORDER,ORD01106,CUST05106,,2026-05-07 20:41:35,SUCCESS,,,
ACT000374,A002,SEND_MESSAGE,ORD01106,CUST05106,,2026-05-07 20:42:37,SUCCESS,,,
ACT000375,A005,GET_ORDER,ORD01107,CUST05107,,2026-06-05 15:51:27,SUCCESS,,,
ACT000376,A005,CHECK_ELIGIBILITY,ORD01107,CUST05107,,2026-06-05 15:54:48,SUCCESS,,,
ACT000377,A005,UPDATE_RECORD,ORD01107,CUST05107,,2026-06-05 15:57:30,SUCCESS,,,
ACT000378,A005,SEND_MESSAGE,ORD01107,CUST05107,,2026-06-05 15:59:57,FAILED,,,
ACT000379,A006,GET_ORDER,ORD01108,CUST05108,,2026-06-04 17:19:58,SUCCESS,,,
ACT000380,A006,CHECK_DELIVERY,ORD01108,CUST05108,,2026-06-04 17:20:04,SUCCESS,,,
ACT000381,A006,RETURN,ORD01108,CUST05108,,2026-06-04 17:20:45,SUCCESS,,,
ACT000382,A006,UPDATE_RECORD,ORD01108,CUST05108,,2026-06-04 17:22:32,SUCCESS,,,
ACT000383,A001,GET_ORDER,ORD01109,CUST05109,,2026-07-07 11:26:29,SUCCESS,,,
ACT000384,A001,CHECK_DELIVERY,ORD01109,CUST05109,,2026-07-07 11:28:08,SUCCESS,,,
ACT000385,A001,CHECK_ELIGIBILITY,ORD01109,CUST05109,,2026-07-07 11:29:36,SUCCESS,,,
ACT000386,A001,CALCULATE_REFUND,ORD01109,CUST05109,,2026-07-07 11:32:06,SUCCESS,,,
ACT000387,A001,REFUND,ORD01109,CUST05109,,2026-07-07 11:35:57,SUCCESS,,,refund_amount=154.31
ACT000388,A001,GET_ORDER,ORD01110,CUST05110,,2026-06-04 13:27:31,SUCCESS,,,
ACT000389,A001,CHECK_DELIVERY,ORD01110,CUST05110,,2026-06-04 13:29:22,SUCCESS,,,
ACT000390,A001,CHECK_ELIGIBILITY,ORD01110,CUST05110,,2026-06-04 13:32:40,SUCCESS,,,
ACT000391,A001,CALCULATE_REFUND,ORD01110,CUST05110,,2026-06-04 13:34:13,SUCCESS,,,
ACT000392,A001,REFUND,ORD01110,CUST05110,,2026-06-04 13:35:30,SUCCESS,,,refund_amount=539.92
ACT000393,A006,GET_ORDER,ORD01111,CUST05111,,2026-06-20 21:03:00,SUCCESS,,,
ACT000394,A006,CHECK_DELIVERY,ORD01111,CUST05111,,2026-06-20 21:03:59,SUCCESS,,,
ACT000395,A006,RETURN,ORD01111,CUST05111,,2026-06-20 21:07:19,SUCCESS,,,
ACT000396,A006,UPDATE_RECORD,ORD01111,CUST05111,,2026-06-20 21:08:47,SUCCESS,,,
ACT000397,A002,GET_ORDER,ORD01112,CUST05112,,2026-06-18 14:14:32,SUCCESS,,,
ACT000398,A002,CHECK_ELIGIBILITY,ORD01112,CUST05112,,2026-06-18 14:17:28,SUCCESS,,,
ACT000399,A002,CANCEL_ORDER,ORD01112,CUST05112,,2026-06-18 14:17:51,SUCCESS,,,
ACT000400,A002,SEND_MESSAGE,ORD01112,CUST05112,,2026-06-18 14:21:05,SUCCESS,,,
ACT000401,A005,GET_ORDER,ORD01113,CUST05113,,2026-06-10 15:36:25,SUCCESS,,,
ACT000402,A005,SEND_MESSAGE,ORD01113,CUST05113,,2026-06-10 15:38:16,SUCCESS,,,
ACT000403,A009,GET_ORDER,ORD01114,CUST05114,,2026-05-22 18:39:29,SUCCESS,,,
ACT000404,A009,CHECK_DELIVERY,ORD01114,CUST05114,,2026-05-22 18:43:29,SUCCESS,,,
ACT000405,A009,CHECK_ELIGIBILITY,ORD01114,CUST05114,,2026-05-22 18:45:25,SUCCESS,,,
ACT000406,A009,CALCULATE_REFUND,ORD01114,CUST05114,,2026-05-22 18:46:32,SUCCESS,,,
ACT000407,A009,REFUND,ORD01114,CUST05114,,2026-05-22 18:48:19,SUCCESS,,,refund_amount=365.25
ACT000408,A008,GET_ORDER,ORD01115,CUST05115,,2026-05-22 09:40:07,SUCCESS,,,
ACT000409,A008,APPLY_DISCOUNT,ORD01115,CUST05115,,2026-05-22 09:41:01,SUCCESS,,,
ACT000410,A008,SEND_MESSAGE,ORD01115,CUST05115,,2026-05-22 09:42:35,SUCCESS,,,
ACT000411,A003,GET_ORDER,ORD01116,CUST05116,,2026-05-19 11:11:38,SUCCESS,,,
ACT000412,A003,CHECK_DELIVERY,ORD01116,CUST05116,,2026-05-19 11:14:57,SUCCESS,,,
ACT000413,A003,SHIP,ORD01116,CUST05116,,2026-05-19 11:15:47,SUCCESS,,,
ACT000414,A003,SEND_MESSAGE,ORD01116,CUST05116,,2026-05-19 11:18:32,SUCCESS,,,
ACT000415,A005,GET_ORDER,ORD01117,CUST05117,,2026-07-12 16:39:20,SUCCESS,,,
ACT000416,A005,SEND_MESSAGE,ORD01117,CUST05117,,2026-07-12 16:42:05,SUCCESS,,,
ACT000417,A002,GET_ORDER,ORD01118,CUST05118,,2026-06-08 18:37:03,SUCCESS,,,
ACT000418,A002,UPDATE_RECORD,ORD01118,CUST05118,,2026-06-08 18:37:26,SUCCESS,,,
ACT000419,A002,SEND_MESSAGE,ORD01118,CUST05118,,2026-06-08 18:39:26,FAILED,,,
ACT000420,A006,GET_ORDER,ORD01119,CUST05119,,2026-05-12 16:32:24,SUCCESS,,,
ACT000421,A006,CHECK_DELIVERY,ORD01119,CUST05119,,2026-05-12 16:34:50,SUCCESS,,,
ACT000422,A006,RETURN,ORD01119,CUST05119,,2026-05-12 16:38:04,SUCCESS,,,
ACT000423,A006,UPDATE_RECORD,ORD01119,CUST05119,,2026-05-12 16:40:04,SUCCESS,,,
ACT000424,A004,GET_ORDER,ORD01120,CUST05120,,2026-06-30 14:03:28,SUCCESS,,,
ACT000425,A004,CHECK_ELIGIBILITY,ORD01120,CUST05120,,2026-06-30 14:07:23,SUCCESS,,,
ACT000426,A004,PAYMENT,ORD01120,CUST05120,,2026-06-30 14:10:30,SUCCESS,,,payment_amount=1945.46
ACT000427,A004,GET_ORDER,ORD01121,CUST05121,,2026-06-26 14:39:10,SUCCESS,,,
ACT000428,A004,CHECK_ELIGIBILITY,ORD01121,CUST05121,,2026-06-26 14:43:09,SUCCESS,,,
ACT000429,A004,PAYMENT,ORD01121,CUST05121,,2026-06-26 14:44:58,SUCCESS,,,payment_amount=2043.12
ACT000430,A008,GET_ORDER,ORD01122,CUST05122,,2026-05-13 15:24:18,SUCCESS,,,
ACT000431,A008,APPLY_DISCOUNT,ORD01122,CUST05122,,2026-05-13 15:28:01,SUCCESS,,,
ACT000432,A008,SEND_MESSAGE,ORD01122,CUST05122,,2026-05-13 15:31:58,SUCCESS,,,
ACT000433,A008,GET_ORDER,ORD01123,CUST05123,,2026-05-19 19:19:41,SUCCESS,,,
ACT000434,A008,APPLY_DISCOUNT,ORD01123,CUST05123,,2026-05-19 19:21:26,SUCCESS,,,
ACT000435,A008,SEND_MESSAGE,ORD01123,CUST05123,,2026-05-19 19:24:32,SUCCESS,,,
ACT000436,A005,GET_ORDER,ORD01124,CUST05124,,2026-06-12 18:42:44,SUCCESS,,,
ACT000437,A005,CHECK_ELIGIBILITY,ORD01124,CUST05124,,2026-06-12 18:45:58,SUCCESS,,,
ACT000438,A005,UPDATE_RECORD,ORD01124,CUST05124,,2026-06-12 18:49:56,SUCCESS,,,
ACT000439,A005,SEND_MESSAGE,ORD01124,CUST05124,,2026-06-12 18:52:46,SUCCESS,,,
ACT000440,A008,GET_ORDER,ORD01125,CUST05125,,2026-06-09 11:13:21,SUCCESS,,,
ACT000441,A008,APPLY_DISCOUNT,ORD01125,CUST05125,,2026-06-09 11:15:30,SUCCESS,,,
ACT000442,A008,SEND_MESSAGE,ORD01125,CUST05125,,2026-06-09 11:16:10,SUCCESS,,,
ACT000443,A002,GET_ORDER,ORD01126,CUST05126,,2026-07-09 18:56:33,FAILED,,,
ACT000444,A002,UPDATE_RECORD,ORD01126,CUST05126,,2026-07-09 18:58:04,SUCCESS,,,
ACT000445,A002,SEND_MESSAGE,ORD01126,CUST05126,,2026-07-09 19:00:47,SUCCESS,,,
ACT000446,A003,GET_ORDER,ORD01127,CUST05127,,2026-05-22 17:02:26,SUCCESS,,,
ACT000447,A003,CHECK_DELIVERY,ORD01127,CUST05127,,2026-05-22 17:05:35,SUCCESS,,,
ACT000448,A003,SHIP,ORD01127,CUST05127,,2026-05-22 17:07:33,SUCCESS,,,
ACT000449,A003,SEND_MESSAGE,ORD01127,CUST05127,,2026-05-22 17:10:50,SUCCESS,,,
ACT000450,A004,GET_ORDER,ORD01128,CUST05128,,2026-06-09 20:50:30,SUCCESS,,,
ACT000451,A004,CHECK_ELIGIBILITY,ORD01128,CUST05128,,2026-06-09 20:51:24,SUCCESS,,,
ACT000452,A004,PAYMENT,ORD01128,CUST05128,,2026-06-09 20:53:55,SUCCESS,,,payment_amount=1395.81
ACT000453,A002,GET_ORDER,ORD01129,CUST05129,,2026-06-23 20:52:12,SUCCESS,,,
ACT000454,A002,CHECK_ELIGIBILITY,ORD01129,CUST05129,,2026-06-23 20:52:52,SUCCESS,,,
ACT000455,A002,CANCEL_ORDER,ORD01129,CUST05129,,2026-06-23 20:53:10,SUCCESS,,,
ACT000456,A002,SEND_MESSAGE,ORD01129,CUST05129,,2026-06-23 20:56:58,SUCCESS,,,
ACT000457,A005,GET_ORDER,ORD01130,CUST05130,,2026-06-06 09:10:17,SUCCESS,,,
ACT000458,A005,CHECK_ELIGIBILITY,ORD01130,CUST05130,,2026-06-06 09:12:33,SUCCESS,,,
ACT000459,A005,UPDATE_RECORD,ORD01130,CUST05130,,2026-06-06 09:14:29,SUCCESS,,,
ACT000460,A005,SEND_MESSAGE,ORD01130,CUST05130,,2026-06-06 09:18:27,SUCCESS,,,
ACT000461,A008,GET_ORDER,ORD01131,CUST05131,,2026-06-23 09:32:23,SUCCESS,,,
ACT000462,A008,APPLY_DISCOUNT,ORD01131,CUST05131,,2026-06-23 09:32:48,SUCCESS,,,
ACT000463,A008,SEND_MESSAGE,ORD01131,CUST05131,,2026-06-23 09:33:00,SUCCESS,,,
ACT000464,A008,GET_ORDER,ORD01132,CUST05132,,2026-05-18 08:58:53,SUCCESS,,,
ACT000465,A008,APPLY_DISCOUNT,ORD01132,CUST05132,,2026-05-18 09:02:30,SUCCESS,,,
ACT000466,A008,SEND_MESSAGE,ORD01132,CUST05132,,2026-05-18 09:05:35,SUCCESS,,,
ACT000467,A009,GET_ORDER,ORD01133,CUST05133,,2026-05-03 11:53:09,SUCCESS,,,
ACT000468,A009,CHECK_DELIVERY,ORD01133,CUST05133,,2026-05-03 11:56:20,SUCCESS,,,
ACT000469,A009,CHECK_ELIGIBILITY,ORD01133,CUST05133,,2026-05-03 11:58:13,SUCCESS,,,
ACT000470,A009,CALCULATE_REFUND,ORD01133,CUST05133,,2026-05-03 11:59:31,SUCCESS,,,
ACT000471,A009,REFUND,ORD01133,CUST05133,,2026-05-03 12:00:07,SUCCESS,,,refund_amount=386.55
ACT000472,A010,GET_ORDER,ORD01134,CUST05134,,2026-07-03 15:01:40,SUCCESS,,,
ACT000473,A010,SEND_MESSAGE,ORD01134,CUST05134,,2026-07-03 15:02:46,SUCCESS,,,
ACT000474,A002,GET_ORDER,ORD01135,CUST05135,,2026-06-15 11:26:11,SUCCESS,,,
ACT000475,A002,CHECK_ELIGIBILITY,ORD01135,CUST05135,,2026-06-15 11:26:37,SUCCESS,,,
ACT000476,A002,CANCEL_ORDER,ORD01135,CUST05135,,2026-06-15 11:28:14,SUCCESS,,,
ACT000477,A002,SEND_MESSAGE,ORD01135,CUST05135,,2026-06-15 11:30:33,SUCCESS,,,
ACT000478,A005,GET_ORDER,ORD01136,CUST05136,,2026-06-19 18:02:40,SUCCESS,,,
ACT000479,A005,CHECK_ELIGIBILITY,ORD01136,CUST05136,,2026-06-19 18:04:20,SUCCESS,,,
ACT000480,A005,UPDATE_RECORD,ORD01136,CUST05136,,2026-06-19 18:04:29,SUCCESS,,,
ACT000481,A005,SEND_MESSAGE,ORD01136,CUST05136,,2026-06-19 18:04:51,SUCCESS,,,
ACT000482,A007,GET_ORDER,ORD01137,CUST05137,,2026-06-12 10:22:34,SUCCESS,,,
ACT000483,A007,UPDATE_RECORD,ORD01137,CUST05137,,2026-06-12 10:25:23,SUCCESS,,,
ACT000484,A007,SEND_MESSAGE,ORD01137,CUST05137,,2026-06-12 10:28:47,SUCCESS,,,
ACT000485,A005,GET_ORDER,ORD01138,CUST05138,,2026-05-18 09:49:29,FAILED,,,
ACT000486,A005,SEND_MESSAGE,ORD01138,CUST05138,,2026-05-18 09:50:25,SUCCESS,,,
ACT000487,A001,GET_ORDER,ORD01139,CUST05139,,2026-06-09 14:52:34,SUCCESS,,,
ACT000488,A001,CHECK_DELIVERY,ORD01139,CUST05139,,2026-06-09 14:52:48,SUCCESS,,,
ACT000489,A001,CHECK_ELIGIBILITY,ORD01139,CUST05139,,2026-06-09 14:53:41,SUCCESS,,,
ACT000490,A001,CALCULATE_REFUND,ORD01139,CUST05139,,2026-06-09 14:57:26,SUCCESS,,,
ACT000491,A001,REFUND,ORD01139,CUST05139,,2026-06-09 15:01:12,SUCCESS,,,refund_amount=256.8
ACT000492,A008,GET_ORDER,ORD01140,CUST05140,,2026-06-21 17:57:24,SUCCESS,,,
ACT000493,A008,APPLY_DISCOUNT,ORD01140,CUST05140,,2026-06-21 17:58:16,SUCCESS,,,
ACT000494,A008,SEND_MESSAGE,ORD01140,CUST05140,,2026-06-21 18:00:28,SUCCESS,,,
ACT000495,A005,GET_ORDER,ORD01141,CUST05141,,2026-05-11 17:05:27,SUCCESS,,,
ACT000496,A005,CHECK_ELIGIBILITY,ORD01141,CUST05141,,2026-05-11 17:09:02,SUCCESS,,,
ACT000497,A005,UPDATE_RECORD,ORD01141,CUST05141,,2026-05-11 17:10:22,SUCCESS,,,
ACT000498,A005,SEND_MESSAGE,ORD01141,CUST05141,,2026-05-11 17:10:47,SUCCESS,,,
ACT000499,A006,GET_ORDER,ORD01142,CUST05142,,2026-06-24 10:28:22,SUCCESS,,,
ACT000500,A006,CHECK_DELIVERY,ORD01142,CUST05142,,2026-06-24 10:31:33,SUCCESS,,,
ACT000501,A006,RETURN,ORD01142,CUST05142,,2026-06-24 10:33:08,SUCCESS,,,
ACT000502,A006,UPDATE_RECORD,ORD01142,CUST05142,,2026-06-24 10:35:04,SUCCESS,,,
ACT000503,A001,GET_ORDER,ORD01143,CUST05143,,2026-06-21 13:51:47,SUCCESS,,,
ACT000504,A001,CHECK_DELIVERY,ORD01143,CUST05143,,2026-06-21 13:51:59,SUCCESS,,,
ACT000505,A001,CHECK_ELIGIBILITY,ORD01143,CUST05143,,2026-06-21 13:54:39,SUCCESS,,,
ACT000506,A001,CALCULATE_REFUND,ORD01143,CUST05143,,2026-06-21 13:56:36,FAILED,,,
ACT000507,A001,REFUND,ORD01143,CUST05143,,2026-06-21 13:56:58,SUCCESS,,,refund_amount=585.97
ACT000508,A002,GET_ORDER,ORD01144,CUST05144,,2026-05-05 15:43:28,SUCCESS,,,
ACT000509,A002,CHECK_ELIGIBILITY,ORD01144,CUST05144,,2026-05-05 15:45:08,SUCCESS,,,
ACT000510,A002,CANCEL_ORDER,ORD01144,CUST05144,,2026-05-05 15:45:32,SUCCESS,,,
ACT000511,A002,SEND_MESSAGE,ORD01144,CUST05144,,2026-05-05 15:47:52,SUCCESS,,,
ACT000512,A006,GET_ORDER,ORD01145,CUST05145,,2026-05-15 08:11:31,SUCCESS,,,
ACT000513,A006,CHECK_DELIVERY,ORD01145,CUST05145,,2026-05-15 08:15:29,SUCCESS,,,
ACT000514,A006,RETURN,ORD01145,CUST05145,,2026-05-15 08:16:41,SUCCESS,,,
ACT000515,A006,UPDATE_RECORD,ORD01145,CUST05145,,2026-05-15 08:19:46,SUCCESS,,,
ACT000516,A006,GET_ORDER,ORD01146,CUST05146,,2026-07-02 11:08:54,SUCCESS,,,
ACT000517,A006,CHECK_DELIVERY,ORD01146,CUST05146,,2026-07-02 11:09:43,SUCCESS,,,
ACT000518,A006,RETURN,ORD01146,CUST05146,,2026-07-02 11:11:41,SUCCESS,,,
ACT000519,A006,UPDATE_RECORD,ORD01146,CUST05146,,2026-07-02 11:15:13,SUCCESS,,,
ACT000520,A008,GET_ORDER,ORD01147,CUST05147,,2026-05-09 15:18:57,SUCCESS,,,
ACT000521,A008,APPLY_DISCOUNT,ORD01147,CUST05147,,2026-05-09 15:19:42,SUCCESS,,,
ACT000522,A008,SEND_MESSAGE,ORD01147,CUST05147,,2026-05-09 15:22:46,SUCCESS,,,
ACT000523,A008,GET_ORDER,ORD01148,CUST05148,,2026-05-16 21:50:08,SUCCESS,,,
ACT000524,A008,APPLY_DISCOUNT,ORD01148,CUST05148,,2026-05-16 21:52:19,FAILED,,,
ACT000525,A008,SEND_MESSAGE,ORD01148,CUST05148,,2026-05-16 21:54:45,SUCCESS,,,
ACT000526,A005,GET_ORDER,ORD01149,CUST05149,,2026-05-12 09:25:45,SUCCESS,,,
ACT000527,A005,CHECK_ELIGIBILITY,ORD01149,CUST05149,,2026-05-12 09:28:04,SUCCESS,,,
ACT000528,A005,UPDATE_RECORD,ORD01149,CUST05149,,2026-05-12 09:29:53,SUCCESS,,,
ACT000529,A005,SEND_MESSAGE,ORD01149,CUST05149,,2026-05-12 09:30:16,SUCCESS,,,
ACT000530,A002,GET_ORDER,ORD01150,CUST05150,,2026-07-06 12:56:53,SUCCESS,,,
ACT000531,A002,UPDATE_RECORD,ORD01150,CUST05150,,2026-07-06 12:59:41,SUCCESS,,,
ACT000532,A002,SEND_MESSAGE,ORD01150,CUST05150,,2026-07-06 13:03:02,SUCCESS,,,
ACT000533,A005,GET_ORDER,ORD01151,CUST05151,,2026-05-08 18:33:09,SUCCESS,,,
ACT000534,A005,CHECK_ELIGIBILITY,ORD01151,CUST05151,,2026-05-08 18:33:55,SUCCESS,,,
ACT000535,A005,UPDATE_RECORD,ORD01151,CUST05151,,2026-05-08 18:37:01,SUCCESS,,,
ACT000536,A005,SEND_MESSAGE,ORD01151,CUST05151,,2026-05-08 18:39:18,SUCCESS,,,
ACT000537,A002,GET_ORDER,ORD01152,CUST05152,,2026-07-10 12:40:19,SUCCESS,,,
ACT000538,A002,UPDATE_RECORD,ORD01152,CUST05152,,2026-07-10 12:40:47,SUCCESS,,,
ACT000539,A002,SEND_MESSAGE,ORD01152,CUST05152,,2026-07-10 12:41:35,SUCCESS,,,
ACT000540,A003,GET_ORDER,ORD01153,CUST05153,,2026-06-13 18:36:02,SUCCESS,,,
ACT000541,A003,CHECK_DELIVERY,ORD01153,CUST05153,,2026-06-13 18:36:14,SUCCESS,,,
ACT000542,A003,SHIP,ORD01153,CUST05153,,2026-06-13 18:39:03,SUCCESS,,,
ACT000543,A003,SEND_MESSAGE,ORD01153,CUST05153,,2026-06-13 18:40:15,SUCCESS,,,
ACT000544,A002,GET_ORDER,ORD01154,CUST05154,,2026-05-04 14:40:34,SUCCESS,,,
ACT000545,A002,CHECK_ELIGIBILITY,ORD01154,CUST05154,,2026-05-04 14:41:56,SUCCESS,,,
ACT000546,A002,CANCEL_ORDER,ORD01154,CUST05154,,2026-05-04 14:45:27,SUCCESS,,,
ACT000547,A002,SEND_MESSAGE,ORD01154,CUST05154,,2026-05-04 14:47:15,SUCCESS,,,
ACT000548,A001,GET_ORDER,ORD01155,CUST05155,,2026-06-23 14:13:21,SUCCESS,,,
ACT000549,A001,CHECK_DELIVERY,ORD01155,CUST05155,,2026-06-23 14:14:46,SUCCESS,,,
ACT000550,A001,CHECK_ELIGIBILITY,ORD01155,CUST05155,,2026-06-23 14:16:12,SUCCESS,,,
ACT000551,A001,CALCULATE_REFUND,ORD01155,CUST05155,,2026-06-23 14:19:57,SUCCESS,,,
ACT000552,A001,REFUND,ORD01155,CUST05155,,2026-06-23 14:21:44,SUCCESS,,,refund_amount=342.93
ACT000553,A002,GET_ORDER,ORD01156,CUST05156,,2026-06-29 10:28:15,SUCCESS,,,
ACT000554,A002,UPDATE_RECORD,ORD01156,CUST05156,,2026-06-29 10:28:32,SUCCESS,,,
ACT000555,A002,SEND_MESSAGE,ORD01156,CUST05156,,2026-06-29 10:30:15,SUCCESS,,,
ACT000556,A004,GET_ORDER,ORD01157,CUST05157,,2026-05-21 18:59:36,SUCCESS,,,
ACT000557,A004,CHECK_ELIGIBILITY,ORD01157,CUST05157,,2026-05-21 19:00:29,SUCCESS,,,
ACT000558,A004,PAYMENT,ORD01157,CUST05157,,2026-05-21 19:02:41,SUCCESS,,,payment_amount=1411.11
ACT000559,A006,GET_ORDER,ORD01158,CUST05158,,2026-05-12 20:32:29,SUCCESS,,,
ACT000560,A006,CHECK_DELIVERY,ORD01158,CUST05158,,2026-05-12 20:33:29,SUCCESS,,,
ACT000561,A006,RETURN,ORD01158,CUST05158,,2026-05-12 20:33:46,SUCCESS,,,
ACT000562,A006,UPDATE_RECORD,ORD01158,CUST05158,,2026-05-12 20:35:57,SUCCESS,,,
ACT000563,A005,GET_ORDER,ORD01159,CUST05159,,2026-05-02 18:27:08,SUCCESS,,,
ACT000564,A005,SEND_MESSAGE,ORD01159,CUST05159,,2026-05-02 18:30:19,SUCCESS,,,
ACT000565,A008,GET_ORDER,ORD01160,CUST05160,,2026-05-07 15:12:23,SUCCESS,,,
ACT000566,A008,APPLY_DISCOUNT,ORD01160,CUST05160,,2026-05-07 15:12:46,SUCCESS,,,
ACT000567,A008,SEND_MESSAGE,ORD01160,CUST05160,,2026-05-07 15:14:46,SUCCESS,,,
ACT000568,A002,GET_ORDER,ORD01161,CUST05161,,2026-05-13 13:50:21,SUCCESS,,,
ACT000569,A002,UPDATE_RECORD,ORD01161,CUST05161,,2026-05-13 13:51:59,SUCCESS,,,
ACT000570,A002,SEND_MESSAGE,ORD01161,CUST05161,,2026-05-13 13:52:54,SUCCESS,,,
ACT000571,A005,GET_ORDER,ORD01162,CUST05162,,2026-05-05 10:21:51,SUCCESS,,,
ACT000572,A005,CHECK_ELIGIBILITY,ORD01162,CUST05162,,2026-05-05 10:23:52,SUCCESS,,,
ACT000573,A005,UPDATE_RECORD,ORD01162,CUST05162,,2026-05-05 10:27:45,SUCCESS,,,
ACT000574,A005,SEND_MESSAGE,ORD01162,CUST05162,,2026-05-05 10:29:13,SUCCESS,,,
ACT000575,A003,GET_ORDER,ORD01163,CUST05163,,2026-06-08 15:32:53,SUCCESS,,,
ACT000576,A003,CHECK_DELIVERY,ORD01163,CUST05163,,2026-06-08 15:35:03,SUCCESS,,,
ACT000577,A003,SHIP,ORD01163,CUST05163,,2026-06-08 15:36:24,SUCCESS,,,
ACT000578,A003,SEND_MESSAGE,ORD01163,CUST05163,,2026-06-08 15:36:33,SUCCESS,,,
ACT000579,A007,GET_ORDER,ORD01164,CUST05164,,2026-07-14 12:57:46,SUCCESS,,,
ACT000580,A007,UPDATE_RECORD,ORD01164,CUST05164,,2026-07-14 13:00:32,FAILED,,,
ACT000581,A007,SEND_MESSAGE,ORD01164,CUST05164,,2026-07-14 13:02:38,SUCCESS,,,
ACT000582,A004,GET_ORDER,ORD01165,CUST05165,,2026-07-14 14:33:40,SUCCESS,,,
ACT000583,A004,CHECK_ELIGIBILITY,ORD01165,CUST05165,,2026-07-14 14:37:03,SUCCESS,,,
ACT000584,A004,PAYMENT,ORD01165,CUST05165,,2026-07-14 14:37:45,SUCCESS,,,payment_amount=741.75
ACT000585,A002,GET_ORDER,ORD01166,CUST05166,,2026-06-26 12:09:26,SUCCESS,,,
ACT000586,A002,UPDATE_RECORD,ORD01166,CUST05166,,2026-06-26 12:11:16,SUCCESS,,,
ACT000587,A002,SEND_MESSAGE,ORD01166,CUST05166,,2026-06-26 12:13:57,SUCCESS,,,
ACT000588,A001,GET_ORDER,ORD01167,CUST05167,,2026-07-06 11:20:42,SUCCESS,,,
ACT000589,A001,CHECK_DELIVERY,ORD01167,CUST05167,,2026-07-06 11:22:23,SUCCESS,,,
ACT000590,A001,CHECK_ELIGIBILITY,ORD01167,CUST05167,,2026-07-06 11:23:12,SUCCESS,,,
ACT000591,A001,CALCULATE_REFUND,ORD01167,CUST05167,,2026-07-06 11:25:33,SUCCESS,,,
ACT000592,A001,REFUND,ORD01167,CUST05167,,2026-07-06 11:27:08,SUCCESS,,,refund_amount=782.87
ACT000593,A006,GET_ORDER,ORD01168,CUST05168,,2026-05-25 20:17:35,SUCCESS,,,
ACT000594,A006,CHECK_DELIVERY,ORD01168,CUST05168,,2026-05-25 20:18:56,SUCCESS,,,
ACT000595,A006,RETURN,ORD01168,CUST05168,,2026-05-25 20:22:01,SUCCESS,,,
ACT000596,A006,UPDATE_RECORD,ORD01168,CUST05168,,2026-05-25 20:25:06,SUCCESS,,,
ACT000597,A008,GET_ORDER,ORD01169,CUST05169,,2026-06-05 12:36:43,SUCCESS,,,
ACT000598,A008,APPLY_DISCOUNT,ORD01169,CUST05169,,2026-06-05 12:40:37,SUCCESS,,,
ACT000599,A008,SEND_MESSAGE,ORD01169,CUST05169,,2026-06-05 12:44:11,SUCCESS,,,
ACT000600,A003,GET_ORDER,ORD01170,CUST05170,,2026-06-06 20:05:22,SUCCESS,,,
ACT000601,A003,CHECK_DELIVERY,ORD01170,CUST05170,,2026-06-06 20:08:14,SUCCESS,,,
ACT000602,A003,SHIP,ORD01170,CUST05170,,2026-06-06 20:10:21,SUCCESS,,,
ACT000603,A003,SEND_MESSAGE,ORD01170,CUST05170,,2026-06-06 20:13:57,SUCCESS,,,
ACT000604,A006,GET_ORDER,ORD01171,CUST05171,,2026-07-15 11:03:42,SUCCESS,,,
ACT000605,A006,CHECK_DELIVERY,ORD01171,CUST05171,,2026-07-15 11:04:44,SUCCESS,,,
ACT000606,A006,RETURN,ORD01171,CUST05171,,2026-07-15 11:05:02,SUCCESS,,,
ACT000607,A006,UPDATE_RECORD,ORD01171,CUST05171,,2026-07-15 11:06:31,SUCCESS,,,
ACT000608,A003,GET_ORDER,ORD01172,CUST05172,,2026-07-10 20:10:26,SUCCESS,,,
ACT000609,A003,CHECK_DELIVERY,ORD01172,CUST05172,,2026-07-10 20:14:16,SUCCESS,,,
ACT000610,A003,SHIP,ORD01172,CUST05172,,2026-07-10 20:16:23,SUCCESS,,,
ACT000611,A003,SEND_MESSAGE,ORD01172,CUST05172,,2026-07-10 20:19:41,SUCCESS,,,
ACT000612,A006,GET_ORDER,ORD01173,CUST05173,,2026-05-12 16:14:34,SUCCESS,,,
ACT000613,A006,CHECK_DELIVERY,ORD01173,CUST05173,,2026-05-12 16:18:16,SUCCESS,,,
ACT000614,A006,RETURN,ORD01173,CUST05173,,2026-05-12 16:22:14,SUCCESS,,,
ACT000615,A006,UPDATE_RECORD,ORD01173,CUST05173,,2026-05-12 16:24:05,SUCCESS,,,
ACT000616,A009,GET_ORDER,ORD01174,CUST05174,,2026-06-20 17:11:59,SUCCESS,,,
ACT000617,A009,CHECK_DELIVERY,ORD01174,CUST05174,,2026-06-20 17:15:47,SUCCESS,,,
ACT000618,A009,CHECK_ELIGIBILITY,ORD01174,CUST05174,,2026-06-20 17:19:36,FAILED,,,
ACT000619,A009,CALCULATE_REFUND,ORD01174,CUST05174,,2026-06-20 17:20:57,SUCCESS,,,
ACT000620,A009,REFUND,ORD01174,CUST05174,,2026-06-20 17:21:29,SUCCESS,,,refund_amount=311.51
ACT000621,A005,GET_ORDER,ORD01175,CUST05175,,2026-05-18 18:29:17,SUCCESS,,,
ACT000622,A005,CHECK_ELIGIBILITY,ORD01175,CUST05175,,2026-05-18 18:29:50,SUCCESS,,,
ACT000623,A005,UPDATE_RECORD,ORD01175,CUST05175,,2026-05-18 18:33:02,SUCCESS,,,
ACT000624,A005,SEND_MESSAGE,ORD01175,CUST05175,,2026-05-18 18:34:12,SUCCESS,,,
ACT000625,A008,GET_ORDER,ORD01176,CUST05176,,2026-07-12 16:12:11,SUCCESS,,,
ACT000626,A008,APPLY_DISCOUNT,ORD01176,CUST05176,,2026-07-12 16:14:59,SUCCESS,,,
ACT000627,A008,SEND_MESSAGE,ORD01176,CUST05176,,2026-07-12 16:18:35,SUCCESS,,,
ACT000628,A002,GET_ORDER,ORD01177,CUST05177,,2026-05-13 11:08:30,SUCCESS,,,
ACT000629,A002,UPDATE_RECORD,ORD01177,CUST05177,,2026-05-13 11:09:38,FAILED,,,
ACT000630,A002,SEND_MESSAGE,ORD01177,CUST05177,,2026-05-13 11:11:21,SUCCESS,,,
ACT000631,A006,GET_ORDER,ORD01178,CUST05178,,2026-06-08 15:36:00,SUCCESS,,,
ACT000632,A006,CHECK_DELIVERY,ORD01178,CUST05178,,2026-06-08 15:37:37,SUCCESS,,,
ACT000633,A006,RETURN,ORD01178,CUST05178,,2026-06-08 15:37:57,SUCCESS,,,
ACT000634,A006,UPDATE_RECORD,ORD01178,CUST05178,,2026-06-08 15:40:01,SUCCESS,,,
ACT000635,A005,GET_ORDER,ORD01179,CUST05179,,2026-06-09 16:40:58,SUCCESS,,,
ACT000636,A005,CHECK_ELIGIBILITY,ORD01179,CUST05179,,2026-06-09 16:42:37,SUCCESS,,,
ACT000637,A005,UPDATE_RECORD,ORD01179,CUST05179,,2026-06-09 16:43:38,SUCCESS,,,
ACT000638,A005,SEND_MESSAGE,ORD01179,CUST05179,,2026-06-09 16:45:45,SUCCESS,,,
ACT000639,A008,GET_ORDER,ORD01180,CUST05180,,2026-07-10 19:48:34,SUCCESS,,,
ACT000640,A008,APPLY_DISCOUNT,ORD01180,CUST05180,,2026-07-10 19:52:10,SUCCESS,,,
ACT000641,A008,SEND_MESSAGE,ORD01180,CUST05180,,2026-07-10 19:53:18,SUCCESS,,,
ACT000642,A002,GET_ORDER,ORD01181,CUST05181,,2026-07-07 17:04:58,SUCCESS,,,
ACT000643,A002,UPDATE_RECORD,ORD01181,CUST05181,,2026-07-07 17:05:18,SUCCESS,,,
ACT000644,A002,SEND_MESSAGE,ORD01181,CUST05181,,2026-07-07 17:09:14,SUCCESS,,,
ACT000645,A005,GET_ORDER,ORD01182,CUST05182,,2026-06-11 18:28:07,SUCCESS,,,
ACT000646,A005,CHECK_ELIGIBILITY,ORD01182,CUST05182,,2026-06-11 18:31:15,SUCCESS,,,
ACT000647,A005,UPDATE_RECORD,ORD01182,CUST05182,,2026-06-11 18:31:43,SUCCESS,,,
ACT000648,A005,SEND_MESSAGE,ORD01182,CUST05182,,2026-06-11 18:33:42,SUCCESS,,,
ACT000649,A003,GET_ORDER,ORD01183,CUST05183,,2026-06-28 15:35:29,SUCCESS,,,
ACT000650,A003,CHECK_DELIVERY,ORD01183,CUST05183,,2026-06-28 15:36:52,SUCCESS,,,
ACT000651,A003,SHIP,ORD01183,CUST05183,,2026-06-28 15:38:38,SUCCESS,,,
ACT000652,A003,SEND_MESSAGE,ORD01183,CUST05183,,2026-06-28 15:38:43,SUCCESS,,,
ACT000653,A002,GET_ORDER,ORD01184,CUST05184,,2026-06-14 17:34:03,SUCCESS,,,
ACT000654,A002,UPDATE_RECORD,ORD01184,CUST05184,,2026-06-14 17:34:25,SUCCESS,,,
ACT000655,A002,SEND_MESSAGE,ORD01184,CUST05184,,2026-06-14 17:36:30,FAILED,,,
ACT000656,A003,GET_ORDER,ORD01185,CUST05185,,2026-06-23 13:57:24,SUCCESS,,,
ACT000657,A003,CHECK_DELIVERY,ORD01185,CUST05185,,2026-06-23 14:01:23,SUCCESS,,,
ACT000658,A003,SHIP,ORD01185,CUST05185,,2026-06-23 14:03:04,SUCCESS,,,
ACT000659,A003,SEND_MESSAGE,ORD01185,CUST05185,,2026-06-23 14:05:58,SUCCESS,,,
ACT000660,A008,GET_ORDER,ORD01186,CUST05186,,2026-07-08 13:08:46,SUCCESS,,,
ACT000661,A008,APPLY_DISCOUNT,ORD01186,CUST05186,,2026-07-08 13:12:24,FAILED,,,
ACT000662,A008,SEND_MESSAGE,ORD01186,CUST05186,,2026-07-08 13:12:34,SUCCESS,,,
ACT000663,A005,GET_ORDER,ORD01187,CUST05187,,2026-06-18 18:15:29,SUCCESS,,,
ACT000664,A005,CHECK_ELIGIBILITY,ORD01187,CUST05187,,2026-06-18 18:16:44,SUCCESS,,,
ACT000665,A005,UPDATE_RECORD,ORD01187,CUST05187,,2026-06-18 18:20:33,SUCCESS,,,
ACT000666,A005,SEND_MESSAGE,ORD01187,CUST05187,,2026-06-18 18:21:06,FAILED,,,
ACT000667,A002,GET_ORDER,ORD01188,CUST05188,,2026-05-03 11:04:06,SUCCESS,,,
ACT000668,A002,CHECK_ELIGIBILITY,ORD01188,CUST05188,,2026-05-03 11:06:05,SUCCESS,,,
ACT000669,A002,CANCEL_ORDER,ORD01188,CUST05188,,2026-05-03 11:09:10,SUCCESS,,,
ACT000670,A002,SEND_MESSAGE,ORD01188,CUST05188,,2026-05-03 11:10:17,SUCCESS,,,
ACT000671,A010,GET_ORDER,ORD01189,CUST05189,,2026-05-28 17:49:03,SUCCESS,,,
ACT000672,A010,SEND_MESSAGE,ORD01189,CUST05189,,2026-05-28 17:50:22,SUCCESS,,,
ACT000673,A008,GET_ORDER,ORD01190,CUST05190,,2026-06-11 11:56:09,SUCCESS,,,
ACT000674,A008,APPLY_DISCOUNT,ORD01190,CUST05190,,2026-06-11 11:58:27,SUCCESS,,,
ACT000675,A008,SEND_MESSAGE,ORD01190,CUST05190,,2026-06-11 11:59:48,SUCCESS,,,
ACT000676,A003,GET_ORDER,ORD01191,CUST05191,,2026-06-24 15:03:22,SUCCESS,,,
ACT000677,A003,CHECK_DELIVERY,ORD01191,CUST05191,,2026-06-24 15:06:18,SUCCESS,,,
ACT000678,A003,SHIP,ORD01191,CUST05191,,2026-06-24 15:08:37,SUCCESS,,,
ACT000679,A003,SEND_MESSAGE,ORD01191,CUST05191,,2026-06-24 15:10:28,SUCCESS,,,
ACT000680,A002,GET_ORDER,ORD01192,CUST05192,,2026-07-08 14:54:14,SUCCESS,,,
ACT000681,A002,CHECK_ELIGIBILITY,ORD01192,CUST05192,,2026-07-08 14:57:20,SUCCESS,,,
ACT000682,A002,CANCEL_ORDER,ORD01192,CUST05192,,2026-07-08 14:59:23,SUCCESS,,,
ACT000683,A002,SEND_MESSAGE,ORD01192,CUST05192,,2026-07-08 15:01:51,SUCCESS,,,
ACT000684,A005,GET_ORDER,ORD01193,CUST05193,,2026-06-19 11:13:21,SUCCESS,,,
ACT000685,A005,CHECK_ELIGIBILITY,ORD01193,CUST05193,,2026-06-19 11:15:21,SUCCESS,,,
ACT000686,A005,UPDATE_RECORD,ORD01193,CUST05193,,2026-06-19 11:15:49,SUCCESS,,,
ACT000687,A005,SEND_MESSAGE,ORD01193,CUST05193,,2026-06-19 11:19:26,SUCCESS,,,
ACT000688,A002,GET_ORDER,ORD01194,CUST05194,,2026-05-06 18:12:51,SUCCESS,,,
ACT000689,A002,CHECK_ELIGIBILITY,ORD01194,CUST05194,,2026-05-06 18:16:01,SUCCESS,,,
ACT000690,A002,CANCEL_ORDER,ORD01194,CUST05194,,2026-05-06 18:17:01,SUCCESS,,,
ACT000691,A002,SEND_MESSAGE,ORD01194,CUST05194,,2026-05-06 18:20:48,SUCCESS,,,
ACT000692,A001,GET_ORDER,ORD01195,CUST05195,,2026-05-25 20:07:47,SUCCESS,,,
ACT000693,A001,CHECK_DELIVERY,ORD01195,CUST05195,,2026-05-25 20:09:54,SUCCESS,,,
ACT000694,A001,CHECK_ELIGIBILITY,ORD01195,CUST05195,,2026-05-25 20:12:57,SUCCESS,,,
ACT000695,A001,CALCULATE_REFUND,ORD01195,CUST05195,,2026-05-25 20:13:54,SUCCESS,,,
ACT000696,A001,REFUND,ORD01195,CUST05195,,2026-05-25 20:15:00,SUCCESS,,,refund_amount=701.33
ACT000697,A005,GET_ORDER,ORD01196,CUST05196,,2026-06-15 12:23:32,SUCCESS,,,
ACT000698,A005,SEND_MESSAGE,ORD01196,CUST05196,,2026-06-15 12:25:36,SUCCESS,,,
ACT000699,A005,GET_ORDER,ORD01197,CUST05197,,2026-06-10 19:23:20,SUCCESS,,,
ACT000700,A005,SEND_MESSAGE,ORD01197,CUST05197,,2026-06-10 19:25:49,SUCCESS,,,
ACT000701,A003,GET_ORDER,ORD01198,CUST05198,,2026-07-10 19:37:46,SUCCESS,,,
ACT000702,A003,CHECK_DELIVERY,ORD01198,CUST05198,,2026-07-10 19:38:30,SUCCESS,,,
ACT000703,A003,SHIP,ORD01198,CUST05198,,2026-07-10 19:39:33,SUCCESS,,,
ACT000704,A003,SEND_MESSAGE,ORD01198,CUST05198,,2026-07-10 19:43:11,SUCCESS,,,
ACT000705,A008,GET_ORDER,ORD01199,CUST05199,,2026-07-02 20:41:47,SUCCESS,,,
ACT000706,A008,APPLY_DISCOUNT,ORD01199,CUST05199,,2026-07-02 20:42:35,SUCCESS,,,
ACT000707,A008,SEND_MESSAGE,ORD01199,CUST05199,,2026-07-02 20:44:10,SUCCESS,,,
ACT000708,A005,GET_ORDER,ORD01200,CUST05200,,2026-07-09 21:03:33,FAILED,,,
ACT000709,A005,CHECK_ELIGIBILITY,ORD01200,CUST05200,,2026-07-09 21:07:14,SUCCESS,,,
ACT000710,A005,UPDATE_RECORD,ORD01200,CUST05200,,2026-07-09 21:10:48,SUCCESS,,,
ACT000711,A005,SEND_MESSAGE,ORD01200,CUST05200,,2026-07-09 21:14:08,FAILED,,,
ACT000712,A004,GET_ORDER,ORD01201,CUST05201,,2026-05-20 07:32:29,SUCCESS,,,
ACT000713,A004,CHECK_ELIGIBILITY,ORD01201,CUST05201,,2026-05-20 07:35:12,SUCCESS,,,
ACT000714,A004,PAYMENT,ORD01201,CUST05201,,2026-05-20 07:37:54,SUCCESS,,,payment_amount=1984.67
ACT000715,A001,GET_ORDER,ORD01202,CUST05202,,2026-06-22 07:33:46,SUCCESS,,,
ACT000716,A001,CHECK_DELIVERY,ORD01202,CUST05202,,2026-06-22 07:35:04,FAILED,,,
ACT000717,A001,CHECK_ELIGIBILITY,ORD01202,CUST05202,,2026-06-22 07:38:37,SUCCESS,,,
ACT000718,A001,CALCULATE_REFUND,ORD01202,CUST05202,,2026-06-22 07:40:32,SUCCESS,,,
ACT000719,A001,REFUND,ORD01202,CUST05202,,2026-06-22 07:44:29,SUCCESS,,,refund_amount=827.47
ACT000720,A003,GET_ORDER,ORD01203,CUST05203,,2026-07-07 11:22:17,SUCCESS,,,
ACT000721,A003,CHECK_DELIVERY,ORD01203,CUST05203,,2026-07-07 11:22:42,SUCCESS,,,
ACT000722,A003,SHIP,ORD01203,CUST05203,,2026-07-07 11:24:30,SUCCESS,,,
ACT000723,A003,SEND_MESSAGE,ORD01203,CUST05203,,2026-07-07 11:25:37,SUCCESS,,,
ACT000724,A006,GET_ORDER,ORD01204,CUST05204,,2026-05-11 16:54:41,SUCCESS,,,
ACT000725,A006,CHECK_DELIVERY,ORD01204,CUST05204,,2026-05-11 16:55:09,SUCCESS,,,
ACT000726,A006,RETURN,ORD01204,CUST05204,,2026-05-11 16:56:50,SUCCESS,,,
ACT000727,A006,UPDATE_RECORD,ORD01204,CUST05204,,2026-05-11 16:57:09,SUCCESS,,,
ACT000728,A003,GET_ORDER,ORD01205,CUST05205,,2026-06-25 16:21:36,SUCCESS,,,
ACT000729,A003,CHECK_DELIVERY,ORD01205,CUST05205,,2026-06-25 16:22:05,SUCCESS,,,
ACT000730,A003,SHIP,ORD01205,CUST05205,,2026-06-25 16:26:05,SUCCESS,,,
ACT000731,A003,SEND_MESSAGE,ORD01205,CUST05205,,2026-06-25 16:27:04,SUCCESS,,,
ACT000732,A010,GET_ORDER,ORD01206,CUST05206,,2026-05-10 16:17:57,SUCCESS,,,
ACT000733,A010,SEND_MESSAGE,ORD01206,CUST05206,,2026-05-10 16:20:50,FAILED,,,
ACT000734,A008,GET_ORDER,ORD01207,CUST05207,,2026-05-27 15:48:52,SUCCESS,,,
ACT000735,A008,APPLY_DISCOUNT,ORD01207,CUST05207,,2026-05-27 15:50:38,SUCCESS,,,
ACT000736,A008,SEND_MESSAGE,ORD01207,CUST05207,,2026-05-27 15:51:59,SUCCESS,,,
ACT000737,A002,GET_ORDER,ORD01208,CUST05208,,2026-07-09 12:48:47,SUCCESS,,,
ACT000738,A002,CHECK_ELIGIBILITY,ORD01208,CUST05208,,2026-07-09 12:51:48,SUCCESS,,,
ACT000739,A002,CANCEL_ORDER,ORD01208,CUST05208,,2026-07-09 12:54:01,SUCCESS,,,
ACT000740,A002,SEND_MESSAGE,ORD01208,CUST05208,,2026-07-09 12:55:34,SUCCESS,,,
ACT000741,A004,GET_ORDER,ORD01209,CUST05209,,2026-06-13 15:39:38,SUCCESS,,,
ACT000742,A004,CHECK_ELIGIBILITY,ORD01209,CUST05209,,2026-06-13 15:43:01,SUCCESS,,,
ACT000743,A004,PAYMENT,ORD01209,CUST05209,,2026-06-13 15:45:48,SUCCESS,,,payment_amount=2977.91
ACT000744,A004,GET_ORDER,ORD01210,CUST05210,,2026-06-18 13:43:37,SUCCESS,,,
ACT000745,A004,CHECK_ELIGIBILITY,ORD01210,CUST05210,,2026-06-18 13:44:03,SUCCESS,,,
ACT000746,A004,PAYMENT,ORD01210,CUST05210,,2026-06-18 13:45:23,SUCCESS,,,payment_amount=2145.06
ACT000747,A006,GET_ORDER,ORD01211,CUST05211,,2026-05-20 17:20:23,SUCCESS,,,
ACT000748,A006,CHECK_DELIVERY,ORD01211,CUST05211,,2026-05-20 17:20:29,SUCCESS,,,
ACT000749,A006,RETURN,ORD01211,CUST05211,,2026-05-20 17:22:27,SUCCESS,,,
ACT000750,A006,UPDATE_RECORD,ORD01211,CUST05211,,2026-05-20 17:23:41,SUCCESS,,,
ACT000751,A001,GET_ORDER,ORD01212,CUST05212,,2026-06-27 15:32:26,SUCCESS,,INC0001,order_snapshot_captured=true
ACT000752,A001,CHECK_DELIVERY,ORD01212,CUST05212,,2026-06-28 03:32:26,SUCCESS,,INC0001,using_cached_snapshot=true;snapshot_age_hours=7
ACT000753,A001,SHIP,ORD01212,CUST05212,,2026-06-28 03:32:53,SUCCESS,,INC0001,action_based_on_stale_data=true;no_refresh_before_action=true
ACT000754,A002,GET_ORDER,ORD01213,CUST05213,,2026-05-02 12:24:49,SUCCESS,,INC0002,order_snapshot_captured=true
ACT000755,A002,CHECK_DELIVERY,ORD01213,CUST05213,,2026-05-02 23:24:49,SUCCESS,,INC0002,using_cached_snapshot=true;snapshot_age_hours=41
ACT000756,A002,REFUND,ORD01213,CUST05213,,2026-05-02 23:28:45,SUCCESS,,INC0002,action_based_on_stale_data=true;no_refresh_before_action=true
ACT000757,A001,GET_ORDER,ORD01214,CUST05214,,2026-06-04 12:31:09,SUCCESS,,INC0003,order_snapshot_captured=true
ACT000758,A001,CHECK_DELIVERY,ORD01214,CUST05214,,2026-06-04 22:31:09,SUCCESS,,INC0003,using_cached_snapshot=true;snapshot_age_hours=16
ACT000759,A001,SHIP,ORD01214,CUST05214,,2026-06-04 22:33:05,SUCCESS,,INC0003,action_based_on_stale_data=true;no_refresh_before_action=true
ACT000760,A006,GET_ORDER,ORD01215,CUST05215,,2026-05-10 13:15:46,SUCCESS,,INC0004,order_snapshot_captured=true
ACT000761,A006,CHECK_DELIVERY,ORD01215,CUST05215,,2026-05-12 11:15:46,SUCCESS,,INC0004,using_cached_snapshot=true;snapshot_age_hours=37
ACT000762,A006,UPDATE_RECORD,ORD01215,CUST05215,,2026-05-12 11:18:23,SUCCESS,,INC0004,action_based_on_stale_data=true;no_refresh_before_action=true
ACT000763,A001,GET_ORDER,ORD01216,CUST05216,,2026-06-08 07:25:21,SUCCESS,,INC0005,order_snapshot_captured=true
ACT000764,A001,CHECK_DELIVERY,ORD01216,CUST05216,,2026-06-10 04:25:21,SUCCESS,,INC0005,using_cached_snapshot=true;snapshot_age_hours=30
ACT000765,A001,SHIP,ORD01216,CUST05216,,2026-06-10 04:28:51,SUCCESS,,INC0005,action_based_on_stale_data=true;no_refresh_before_action=true
ACT000766,A006,GET_ORDER,ORD01217,CUST05217,,2026-05-18 12:38:44,SUCCESS,,INC0006,order_snapshot_captured=true
ACT000767,A006,CHECK_DELIVERY,ORD01217,CUST05217,,2026-05-19 06:38:44,SUCCESS,,INC0006,using_cached_snapshot=true;snapshot_age_hours=36
ACT000768,A006,REFUND,ORD01217,CUST05217,,2026-05-19 06:40:09,SUCCESS,,INC0006,action_based_on_stale_data=true;no_refresh_before_action=true
ACT000769,A001,GET_ORDER,ORD01218,CUST05218,,2026-07-02 20:50:15,SUCCESS,,INC0007,order_snapshot_captured=true
ACT000770,A001,CHECK_DELIVERY,ORD01218,CUST05218,,2026-07-03 22:50:15,SUCCESS,,INC0007,using_cached_snapshot=true;snapshot_age_hours=30
ACT000771,A001,SHIP,ORD01218,CUST05218,,2026-07-03 22:51:31,SUCCESS,,INC0007,action_based_on_stale_data=true;no_refresh_before_action=true
ACT000772,A002,GET_ORDER,ORD01219,CUST05219,,2026-05-26 15:34:11,SUCCESS,,INC0008,order_snapshot_captured=true
ACT000773,A002,CHECK_DELIVERY,ORD01219,CUST05219,,2026-05-28 08:34:11,SUCCESS,,INC0008,using_cached_snapshot=true;snapshot_age_hours=7
ACT000774,A002,SHIP,ORD01219,CUST05219,,2026-05-28 08:37:22,SUCCESS,,INC0008,action_based_on_stale_data=true;no_refresh_before_action=true
ACT000775,A005,GET_ORDER,ORD01220,CUST05220,,2026-05-09 18:50:50,SUCCESS,,INC0009,
ACT000776,A005,CHECK_DELIVERY,ORD01220,CUST05220,,2026-05-09 18:52:39,FAILED,,INC0009,delivery_status=UNAVAILABLE
ACT000777,A005,RETURN,ORD01220,CUST05220,,2026-05-09 18:55:36,SUCCESS,,INC0009,proceeded_despite_missing_delivery_status=true
ACT000778,A001,GET_ORDER,ORD01221,CUST05221,,2026-05-20 17:50:24,SUCCESS,,INC0010,
ACT000779,A001,CHECK_DELIVERY,ORD01221,CUST05221,,2026-05-20 17:50:47,FAILED,,INC0010,delivery_status=UNAVAILABLE
ACT000780,A001,CANCEL_ORDER,ORD01221,CUST05221,,2026-05-20 17:52:46,SUCCESS,,INC0010,proceeded_despite_missing_delivery_status=true
ACT000781,A006,GET_ORDER,ORD01222,CUST05222,,2026-06-23 15:50:23,SUCCESS,,INC0011,
ACT000782,A006,CHECK_DELIVERY,ORD01222,CUST05222,,2026-06-23 15:53:27,FAILED,,INC0011,delivery_status=UNAVAILABLE
ACT000783,A006,CANCEL_ORDER,ORD01222,CUST05222,,2026-06-23 15:57:21,SUCCESS,,INC0011,proceeded_despite_missing_delivery_status=true
ACT000784,A005,GET_ORDER,ORD01223,CUST05223,,2026-06-15 10:39:02,SUCCESS,,INC0012,
ACT000785,A005,CHECK_DELIVERY,ORD01223,CUST05223,,2026-06-15 10:41:31,FAILED,,INC0012,delivery_status=UNAVAILABLE
ACT000786,A005,CANCEL_ORDER,ORD01223,CUST05223,,2026-06-15 10:44:21,SUCCESS,,INC0012,proceeded_despite_missing_delivery_status=true
ACT000787,A009,GET_ORDER,ORD01224,CUST05224,,2026-06-25 10:06:16,SUCCESS,,INC0013,
ACT000788,A009,CHECK_DELIVERY,ORD01224,CUST05224,,2026-06-25 10:07:17,FAILED,,INC0013,delivery_status=UNAVAILABLE
ACT000789,A009,CANCEL_ORDER,ORD01224,CUST05224,,2026-06-25 10:09:32,SUCCESS,,INC0013,proceeded_despite_missing_delivery_status=true
ACT000790,A001,GET_ORDER,ORD01225,CUST05225,,2026-06-29 17:37:44,SUCCESS,,INC0014,
ACT000791,A001,CHECK_DELIVERY,ORD01225,CUST05225,,2026-06-29 17:39:57,FAILED,,INC0014,delivery_status=UNAVAILABLE
ACT000792,A001,RETURN,ORD01225,CUST05225,,2026-06-29 17:40:40,SUCCESS,,INC0014,proceeded_despite_missing_delivery_status=true
ACT000793,A001,GET_ORDER,ORD01226,CUST05226,,2026-06-23 19:05:07,SUCCESS,,INC0015,
ACT000794,A001,CHECK_DELIVERY,ORD01226,CUST05226,,2026-06-23 19:08:44,FAILED,,INC0015,delivery_status=UNAVAILABLE
ACT000795,A001,REFUND,ORD01226,CUST05226,,2026-06-23 19:11:55,SUCCESS,,INC0015,proceeded_despite_missing_delivery_status=true
ACT000796,A001,GET_ORDER,ORD01227,CUST05227,,2026-05-27 14:22:30,SUCCESS,,INC0016,
ACT000797,A001,CHECK_ELIGIBILITY,ORD01227,CUST05227,,2026-05-27 14:22:59,SUCCESS,,INC0016,
ACT000798,A001,REFUND,ORD01227,CUST05227,,2026-05-27 14:24:56,SUCCESS,,INC0016,refund_amount=1088.55;delivery_verification_skipped=true
ACT000799,A001,GET_ORDER,ORD01228,CUST05228,,2026-05-06 18:07:01,SUCCESS,,INC0017,
ACT000800,A001,CHECK_ELIGIBILITY,ORD01228,CUST05228,,2026-05-06 18:10:43,SUCCESS,,INC0017,
ACT000801,A001,REFUND,ORD01228,CUST05228,,2026-05-06 18:12:15,SUCCESS,,INC0017,refund_amount=979.0;delivery_verification_skipped=true
ACT000802,A006,GET_ORDER,ORD01229,CUST05229,,2026-07-10 10:35:27,SUCCESS,,INC0018,
ACT000803,A006,CHECK_ELIGIBILITY,ORD01229,CUST05229,,2026-07-10 10:37:30,SUCCESS,,INC0018,
ACT000804,A006,REFUND,ORD01229,CUST05229,,2026-07-10 10:38:34,SUCCESS,,INC0018,refund_amount=1200.68;delivery_verification_skipped=true
ACT000805,A002,GET_ORDER,ORD01230,CUST05230,,2026-06-25 13:47:39,SUCCESS,,INC0019,
ACT000806,A002,CHECK_ELIGIBILITY,ORD01230,CUST05230,,2026-06-25 13:51:30,SUCCESS,,INC0019,
ACT000807,A002,REFUND,ORD01230,CUST05230,,2026-06-25 13:52:25,SUCCESS,,INC0019,refund_amount=685.37;delivery_verification_skipped=true
ACT000808,A001,GET_ORDER,ORD01231,CUST05231,,2026-05-28 11:48:45,SUCCESS,,INC0020,
ACT000809,A001,CHECK_ELIGIBILITY,ORD01231,CUST05231,,2026-05-28 11:52:17,SUCCESS,,INC0020,
ACT000810,A001,REFUND,ORD01231,CUST05231,,2026-05-28 11:55:45,SUCCESS,,INC0020,refund_amount=112.59;delivery_verification_skipped=true
ACT000811,A001,GET_ORDER,ORD01232,CUST05232,,2026-06-11 11:07:16,SUCCESS,,INC0021,
ACT000812,A001,CHECK_ELIGIBILITY,ORD01232,CUST05232,,2026-06-11 11:10:12,SUCCESS,,INC0021,
ACT000813,A001,REFUND,ORD01232,CUST05232,,2026-06-11 11:13:57,SUCCESS,,INC0021,refund_amount=744.44;delivery_verification_skipped=true
ACT000814,A002,GET_ORDER,ORD01233,CUST05233,,2026-07-15 10:22:54,SUCCESS,,INC0022,
ACT000815,A002,CHECK_ELIGIBILITY,ORD01233,CUST05233,,2026-07-15 10:24:56,SUCCESS,,INC0022,
ACT000816,A002,REFUND,ORD01233,CUST05233,,2026-07-15 10:27:39,SUCCESS,,INC0022,refund_amount=275.34;delivery_verification_skipped=true
ACT000817,A002,GET_ORDER,ORD01234,CUST05234,,2026-06-10 10:19:07,SUCCESS,,INC0023,
ACT000818,A002,CHECK_ELIGIBILITY,ORD01234,CUST05234,,2026-06-10 10:19:58,SUCCESS,,INC0023,
ACT000819,A002,REFUND,ORD01234,CUST05234,,2026-06-10 10:21:38,SUCCESS,,INC0023,refund_amount=1046.29;delivery_verification_skipped=true
ACT000820,A004,GET_ORDER,ORD01235,CUST05235,,2026-07-13 13:11:31,SUCCESS,,INC0024,
ACT000821,A004,REFUND,ORD01235,CUST05235,,2026-07-13 13:14:18,SUCCESS,,INC0024,refund_amount=1118.73;txn_ref=TXN74178
ACT000822,A004,REFUND,ORD01235,CUST05235,,2026-07-13 13:19:43,SUCCESS,,INC0024,refund_amount=1118.73;duplicate_of_prior_transaction=true
ACT000823,A001,GET_ORDER,ORD01236,CUST05236,,2026-06-27 16:55:22,SUCCESS,,INC0025,
ACT000824,A001,PAYMENT,ORD01236,CUST05236,,2026-06-27 16:55:29,SUCCESS,,INC0025,payment_amount=290.34;txn_ref=TXN60324
ACT000825,A001,PAYMENT,ORD01236,CUST05236,,2026-06-27 17:04:36,SUCCESS,,INC0025,payment_amount=290.34;duplicate_of_prior_transaction=true
ACT000826,A004,GET_ORDER,ORD01237,CUST05237,,2026-06-23 17:28:31,SUCCESS,,INC0026,
ACT000827,A004,REFUND,ORD01237,CUST05237,,2026-06-23 17:29:18,SUCCESS,,INC0026,refund_amount=1139.49;txn_ref=TXN38905
ACT000828,A004,REFUND,ORD01237,CUST05237,,2026-06-23 17:34:47,SUCCESS,,INC0026,refund_amount=1139.49;duplicate_of_prior_transaction=true
ACT000829,A001,GET_ORDER,ORD01238,CUST05238,,2026-06-06 10:29:36,SUCCESS,,INC0027,
ACT000830,A001,PAYMENT,ORD01238,CUST05238,,2026-06-06 10:32:51,SUCCESS,,INC0027,payment_amount=1108.46;txn_ref=TXN24838
ACT000831,A001,PAYMENT,ORD01238,CUST05238,,2026-06-06 10:35:17,SUCCESS,,INC0027,payment_amount=1108.46;duplicate_of_prior_transaction=true
ACT000832,A004,GET_ORDER,ORD01239,CUST05239,,2026-06-16 15:48:02,SUCCESS,,INC0028,
ACT000833,A004,PAYMENT,ORD01239,CUST05239,,2026-06-16 15:51:21,SUCCESS,,INC0028,payment_amount=1101.78;txn_ref=TXN65725
ACT000834,A004,PAYMENT,ORD01239,CUST05239,,2026-06-16 15:53:35,SUCCESS,,INC0028,payment_amount=1101.78;duplicate_of_prior_transaction=true
ACT000835,A009,GET_ORDER,ORD01240,CUST05240,,2026-05-05 13:22:55,SUCCESS,,INC0029,
ACT000836,A009,REFUND,ORD01240,CUST05240,,2026-05-05 13:26:29,SUCCESS,,INC0029,refund_amount=889.36;txn_ref=TXN25386
ACT000837,A009,REFUND,ORD01240,CUST05240,,2026-05-05 13:31:01,SUCCESS,,INC0029,refund_amount=889.36;duplicate_of_prior_transaction=true
ACT000838,A003,GET_ORDER,ORD01241,CUST05241,,2026-06-24 10:08:50,SUCCESS,,INC0030,
ACT000839,A003,UPDATE_RECORD,ORD01241,CUST05241,,2026-06-24 10:09:47,SUCCESS,,INC0030,field=customer_email;changed_without_verification=true
ACT000840,A010,GET_ORDER,ORD01242,CUST05242,,2026-07-08 10:45:18,SUCCESS,,INC0031,
ACT000841,A010,SEND_MESSAGE,ORD01242,CUST05242,,2026-07-08 10:46:37,SUCCESS,,INC0031,message_count_last_hour=27;no_rate_limit_policy=true
ACT000842,A003,GET_ORDER,ORD01243,CUST05243,,2026-06-22 19:17:55,SUCCESS,,INC0032,
ACT000843,A003,UPDATE_RECORD,ORD01243,CUST05243,,2026-06-22 19:20:47,SUCCESS,,INC0032,field=customer_email;changed_without_verification=true
ACT000844,A008,GET_ORDER,ORD01244,CUST05244,,2026-06-11 18:48:53,SUCCESS,,INC0033,
ACT000845,A008,CANCEL_ORDER,ORD01244,CUST05244,,2026-06-11 18:51:51,SUCCESS,,INC0033,order_age_minutes=2;no_cooldown_policy=true
ACT000846,A010,GET_ORDER,ORD01245,CUST05245,,2026-06-04 16:24:28,SUCCESS,,INC0034,
ACT000847,A010,APPLY_DISCOUNT,ORD01245,CUST05245,,2026-06-04 16:24:52,SUCCESS,,INC0034,discount_pct=90;no_max_discount_policy_defined=true
ACT000848,A003,GET_ORDER,ORD01246,CUST05246,,2026-06-17 14:31:20,SUCCESS,,INC0035,
ACT000849,A003,APPLY_DISCOUNT,ORD01246,CUST05246,,2026-06-17 14:33:53,SUCCESS,,INC0035,discount_pct=90;no_max_discount_policy_defined=true
ACT000850,A003,GET_ORDER,ORD01248,CUST05247,,2026-06-15 18:50:34,SUCCESS,,INC0036,
ACT000851,A003,CHECK_DELIVERY,ORD01248,CUST05247,,2026-06-15 18:51:34,FAILED,,INC0036,tool_error=DELIVERY_SERVICE_TIMEOUT;retries=0
ACT000852,A003,REFUND,ORD01248,CUST05247,,2026-06-15 18:53:28,SUCCESS,,INC0036,proceeded_after_tool_timeout_without_retry=true
ACT000853,A001,GET_ORDER,ORD01250,CUST05248,,2026-06-06 12:36:08,SUCCESS,,INC0037,
ACT000854,A001,CHECK_DELIVERY,ORD01250,CUST05248,,2026-06-06 12:39:34,FAILED,,INC0037,tool_error=DELIVERY_SERVICE_TIMEOUT;retries=0
ACT000855,A001,REFUND,ORD01250,CUST05248,,2026-06-06 12:41:06,SUCCESS,,INC0037,proceeded_after_tool_timeout_without_retry=true
ACT000856,A003,GET_ORDER,ORD01251,CUST05249,,2026-06-28 07:59:54,FAILED,,INC0038,requested_order=ORD01251;intended_order=ORD01252;lookup_mismatch=true
ACT000857,A003,UPDATE_RECORD,ORD01251,CUST05249,,2026-06-28 08:01:51,FAILED,,INC0038,acted_on_incorrect_order_id=true
ACT000858,A002,GET_ORDER,ORD01254,CUST05250,,2026-05-17 19:19:10,SUCCESS,,INC0039,
ACT000859,A002,CHECK_DELIVERY,ORD01254,CUST05250,,2026-05-17 19:19:38,FAILED,,INC0039,tool_error=DELIVERY_SERVICE_TIMEOUT;retries=0
ACT000860,A002,SHIP,ORD01254,CUST05250,,2026-05-17 19:22:30,SUCCESS,,INC0039,proceeded_after_tool_timeout_without_retry=true
ACT000861,A001,GET_ORDER,ORD01255,CUST05251,,2026-05-22 08:40:19,FAILED,,INC0040,requested_order=ORD01255;intended_order=ORD01256;lookup_mismatch=true
ACT000862,A001,CANCEL_ORDER,ORD01255,CUST05251,,2026-05-22 08:42:13,FAILED,,INC0040,acted_on_incorrect_order_id=true
ACT000863,A001,CALCULATE_REFUND,ORD01257,CUST05252,,2026-07-01 09:37:14,BLOCKED,P008,,required_field_missing=order_total
ACT000864,A001,REFUND,ORD01258,CUST05253,,2026-06-13 18:55:27,BLOCKED,P003,,refund_already_processed=true
ACT000865,A002,REFUND,ORD01259,CUST05254,,2026-05-30 13:46:51,BLOCKED,P002,,delivery_status=NOT_DELIVERED
ACT000866,A001,REFUND,ORD01260,CUST05255,,2026-06-17 19:08:24,BLOCKED,P003,,refund_already_processed=true
ACT000867,A002,REFUND,ORD01261,CUST05256,,2026-05-19 09:36:00,BLOCKED,P003,,refund_already_processed=true
ACT000868,A004,CANCEL_ORDER,ORD01262,CUST05257,,2026-05-28 16:09:58,BLOCKED,P007,,order_status=CANCELLED
ACT000869,A002,REFUND,ORD01263,CUST05258,,2026-06-26 18:05:57,BLOCKED,P002,,delivery_status=NOT_DELIVERED
ACT000870,A001,CANCEL_ORDER,ORD01264,CUST05259,,2026-05-16 15:24:22,BLOCKED,P007,,order_status=CANCELLED
ACT000871,A004,GET_ORDER,ORD01265,CUST05260,,2026-05-18 11:41:05,BLOCKED,P004,,order_lookup=NOT_FOUND
ACT000872,A002,REFUND,ORD01266,CUST05261,,2026-06-06 17:44:01,BLOCKED,P005,,agent_authorization=DENIED
ACT000873,A001,REFUND,ORD01267,CUST05262,,2026-07-05 11:25:18,ESCALATED,P001,,refund_amount=8135.42
ACT000874,A006,CALCULATE_REFUND,ORD01268,CUST05263,,2026-05-31 14:07:15,BLOCKED,P008,,required_field_missing=order_total
ACT000875,A002,PAYMENT,ORD01269,CUST05264,,2026-05-10 14:00:23,ESCALATED,P006,,payment_amount=11320.7
ACT000876,A006,REFUND,ORD01270,CUST05265,,2026-07-12 13:34:43,BLOCKED,P003,,refund_already_processed=true
ACT000877,A006,REFUND,ORD01271,CUST05266,,2026-05-10 07:04:00,BLOCKED,P005,,agent_authorization=DENIED
ACT000878,A001,REFUND,ORD01272,CUST05267,,2026-05-08 20:25:32,BLOCKED,P005,,agent_authorization=DENIED
ACT000879,A002,CANCEL_ORDER,ORD01273,CUST05268,,2026-07-04 17:27:44,BLOCKED,P007,,order_status=CANCELLED
ACT000880,A001,REFUND,ORD01274,CUST05269,,2026-07-08 15:09:17,BLOCKED,P002,,delivery_status=NOT_DELIVERED
ACT000881,A004,PAYMENT,ORD01275,CUST05270,,2026-07-05 19:51:09,ESCALATED,P006,,payment_amount=13907.92
ACT000882,A002,GET_ORDER,ORD01276,CUST05271,,2026-05-09 12:27:46,BLOCKED,P004,,order_lookup=NOT_FOUND
ACT000883,A001,REFUND,ORD01277,CUST05272,,2026-05-12 19:07:29,ESCALATED,P001,,refund_amount=6237.85
ACT000884,A002,REFUND,ORD01278,CUST05273,,2026-05-23 10:45:08,ESCALATED,P001,,refund_amount=5656.17
ACT000885,A009,REFUND,ORD01279,CUST05274,,2026-07-06 14:52:46,BLOCKED,P005,,agent_authorization=DENIED
ACT000886,A001,REFUND,ORD01280,CUST05275,,2026-05-17 17:55:17,BLOCKED,P002,,delivery_status=NOT_DELIVERED
ACT000887,A006,REFUND,ORD01281,CUST05276,,2026-05-04 12:27:17,BLOCKED,P002,,delivery_status=NOT_DELIVERED
ACT000888,A001,PAYMENT,ORD01282,CUST05277,,2026-07-13 16:31:29,ESCALATED,P006,,payment_amount=10555.34
ACT000889,A006,REFUND,ORD01283,CUST05278,,2026-05-22 13:16:49,BLOCKED,P002,,delivery_status=NOT_DELIVERED
ACT000890,A006,REFUND,ORD01284,CUST05279,,2026-05-15 11:32:00,ESCALATED,P001,,refund_amount=8434.9
ACT000891,A001,REFUND,ORD01285,CUST05280,,2026-05-06 14:24:58,BLOCKED,P003,,refund_already_processed=true
ACT000892,A001,CANCEL_ORDER,ORD01286,CUST05281,,2026-05-05 15:58:45,BLOCKED,P007,,order_status=CANCELLED
ACT000893,A001,REFUND,ORD01287,CUST05282,,2026-06-01 13:46:20,BLOCKED,P005,,agent_authorization=DENIED
ACT000894,A006,REFUND,ORD01288,CUST05283,,2026-07-13 13:32:43,ESCALATED,P001,,refund_amount=5718.2
ACT000895,A006,CALCULATE_REFUND,ORD01289,CUST05284,,2026-05-06 20:04:56,BLOCKED,P008,,required_field_missing=order_total
ACT000896,A006,REFUND,ORD01290,CUST05285,,2026-06-09 12:35:29,ESCALATED,P001,,refund_amount=6476.31
ACT000897,A001,PAYMENT,ORD01291,CUST05286,,2026-06-08 17:15:29,ESCALATED,P006,,payment_amount=15917.32
ACT000898,A002,GET_ORDER,ORD01292,CUST05287,,2026-05-26 17:34:48,BLOCKED,P004,,order_lookup=NOT_FOUND
ACT000899,A001,REFUND,ORD01293,CUST05288,,2026-06-22 08:34:22,ESCALATED,P001,,refund_amount=8804.01
ACT000900,A001,REFUND,ORD01294,CUST05289,,2026-06-18 18:46:19,BLOCKED,P002,,delivery_status=NOT_DELIVERED
ACT000901,A001,REFUND,ORD01295,CUST05290,,2026-05-31 13:03:09,BLOCKED,P005,,agent_authorization=DENIED
ACT000902,A001,PAYMENT,ORD01296,CUST05291,,2026-05-30 19:33:26,ESCALATED,P006,,payment_amount=14585.12
ACT000903,A006,CANCEL_ORDER,ORD01297,CUST05292,,2026-07-14 09:08:40,BLOCKED,P007,,order_status=CANCELLED
ACT000904,A001,GET_ORDER,ORD01298,CUST05293,,2026-07-12 09:42:08,BLOCKED,P004,,order_lookup=NOT_FOUND
ACT000905,A001,PAYMENT,ORD01299,CUST05294,,2026-06-10 19:25:44,ESCALATED,P006,,payment_amount=13181.26
ACT000906,A001,REFUND,ORD01300,CUST05295,,2026-05-10 20:08:49,BLOCKED,P002,,delivery_status=NOT_DELIVERED
ACT000907,A001,REFUND,ORD01301,CUST05296,,2026-05-22 13:20:26,BLOCKED,P002,,delivery_status=NOT_DELIVERED
ACT000908,A002,REFUND,ORD01302,CUST05297,,2026-05-27 13:29:16,BLOCKED,P002,,delivery_status=NOT_DELIVERED
ACT000909,A001,REFUND,ORD01303,CUST05298,,2026-06-08 18:44:38,ESCALATED,P001,,refund_amount=5860.87
ACT000910,A006,CANCEL_ORDER,ORD01304,CUST05299,,2026-05-19 09:15:22,BLOCKED,P007,,order_status=CANCELLED
ACT000911,A002,CANCEL_ORDER,ORD01305,CUST05300,,2026-06-08 11:11:01,BLOCKED,P007,,order_status=CANCELLED
ACT000912,A006,CALCULATE_REFUND,ORD01306,CUST05301,,2026-07-11 17:15:06,BLOCKED,P008,,required_field_missing=order_total
ACT000913,A001,GET_ORDER,ORD01307,CUST05302,,2026-05-18 10:03:53,BLOCKED,P004,,order_lookup=NOT_FOUND
ACT000914,A001,REFUND,ORD01308,CUST05303,,2026-06-21 13:40:41,BLOCKED,P002,,delivery_status=NOT_DELIVERED
ACT000915,A002,REFUND,ORD01309,CUST05304,,2026-06-03 19:04:01,BLOCKED,P002,,delivery_status=NOT_DELIVERED
ACT000916,A001,PAYMENT,ORD01310,CUST05305,,2026-06-26 18:05:57,ESCALATED,P006,,payment_amount=11226.15
ACT000917,A009,CANCEL_ORDER,ORD01311,CUST05306,,2026-05-07 10:36:27,BLOCKED,P007,,order_status=CANCELLED
ACT000918,A002,GET_ORDER,ORD01312,CUST05307,,2026-06-18 16:11:22,BLOCKED,P004,,order_lookup=NOT_FOUND
ACT000919,A009,REFUND,ORD01313,CUST05308,,2026-06-05 12:56:09,ESCALATED,P001,,refund_amount=7456.81
ACT000920,A002,CALCULATE_REFUND,ORD01314,CUST05309,,2026-06-07 14:56:35,BLOCKED,P008,,required_field_missing=order_total
ACT000921,A001,GET_ORDER,ORD01315,CUST05310,,2026-06-05 13:26:12,BLOCKED,P004,,order_lookup=NOT_FOUND
ACT000922,A002,PAYMENT,ORD01316,CUST05311,,2026-07-09 18:24:50,ESCALATED,P006,,payment_amount=14797.36
ACT000923,A006,CANCEL_ORDER,ORD01317,CUST05312,,2026-06-14 19:32:20,BLOCKED,P007,,order_status=CANCELLED
ACT000924,A001,REFUND,ORD01318,CUST05313,,2026-05-04 12:14:01,BLOCKED,P005,,agent_authorization=DENIED
ACT000925,A001,GET_ORDER,ORD01319,CUST05314,,2026-06-30 14:49:37,BLOCKED,P004,,order_lookup=NOT_FOUND
ACT000926,A009,REFUND,ORD01320,CUST05315,,2026-05-13 11:15:17,ESCALATED,P001,,refund_amount=8056.43
ACT000927,A009,PAYMENT,ORD01321,CUST05316,,2026-07-13 18:51:24,ESCALATED,P006,,payment_amount=19352.13
ACT000928,A009,PAYMENT,ORD01322,CUST05317,,2026-05-23 10:37:20,ESCALATED,P006,,payment_amount=19139.89
ACT000929,A001,GET_ORDER,ORD01323,CUST05318,,2026-06-15 20:36:09,BLOCKED,P004,,order_lookup=NOT_FOUND
ACT000930,A006,REFUND,ORD01324,CUST05319,,2026-07-03 15:11:31,ESCALATED,P001,,refund_amount=5361.94
ACT000931,A001,PAYMENT,ORD01325,CUST05320,,2026-05-29 07:30:00,ESCALATED,P006,,payment_amount=19179.04
ACT000932,A001,PAYMENT,ORD01326,CUST05321,,2026-05-17 12:11:58,ESCALATED,P006,,payment_amount=10596.5
ACT000933,A001,PAYMENT,ORD01327,CUST05322,,2026-05-19 17:54:33,ESCALATED,P006,,payment_amount=19605.63
ACT000934,A004,PAYMENT,ORD01328,CUST05323,,2026-06-20 15:21:19,ESCALATED,P006,,payment_amount=11365.38
ACT000935,A001,PAYMENT,ORD01329,CUST05324,,2026-06-25 18:31:41,ESCALATED,P006,,payment_amount=11742.85
ACT000936,A009,REFUND,ORD01330,CUST05325,,2026-06-15 11:37:52,BLOCKED,P003,,refund_already_processed=true
ACT000937,A004,CANCEL_ORDER,ORD01331,CUST05326,,2026-06-07 10:46:00,BLOCKED,P007,,order_status=CANCELLED
ACT000938,A006,GET_ORDER,ORD01332,CUST05327,,2026-07-12 08:38:20,BLOCKED,P004,,order_lookup=NOT_FOUND
ACT000939,A002,REFUND,ORD01333,CUST05328,,2026-05-14 19:09:21,BLOCKED,P002,,delivery_status=NOT_DELIVERED
ACT000940,A001,PAYMENT,ORD01334,CUST05329,,2026-06-10 10:56:05,ESCALATED,P006,,payment_amount=14466.85
ACT000941,A001,REFUND,ORD01335,CUST05330,,2026-06-01 16:22:16,BLOCKED,P002,,delivery_status=NOT_DELIVERED
ACT000942,A002,REFUND,ORD01336,CUST05331,,2026-05-07 13:46:26,BLOCKED,P003,,refund_already_processed=true
ACT000943,A006,CANCEL_ORDER,ORD01337,CUST05332,,2026-07-03 19:22:34,BLOCKED,P007,,order_status=CANCELLED
ACT000944,A001,GET_ORDER,ORD01338,CUST05333,,2026-07-01 17:36:41,BLOCKED,P004,,order_lookup=NOT_FOUND
ACT000945,A001,REFUND,ORD01339,CUST05334,,2026-05-10 18:02:18,ESCALATED,P001,,refund_amount=6275.55
ACT000946,A009,REFUND,ORD01340,CUST05335,,2026-05-10 12:56:24,BLOCKED,P003,,refund_already_processed=true
ACT000947,A002,CALCULATE_REFUND,ORD01341,CUST05336,,2026-07-10 20:05:21,BLOCKED,P008,,required_field_missing=order_total
ACT000948,A002,CANCEL_ORDER,ORD01342,CUST05337,,2026-06-25 20:10:38,BLOCKED,P007,,order_status=CANCELLED
ACT000949,A001,REFUND,ORD01343,CUST05338,,2026-05-13 12:12:26,BLOCKED,P005,,agent_authorization=DENIED
ACT000950,A002,CALCULATE_REFUND,ORD01344,CUST05339,,2026-06-08 11:03:25,BLOCKED,P008,,required_field_missing=order_total
ACT000951,A001,CALCULATE_REFUND,ORD01345,CUST05340,,2026-06-16 07:05:18,BLOCKED,P008,,required_field_missing=order_total
ACT000952,A001,REFUND,ORD01346,CUST05341,,2026-05-04 11:40:18,BLOCKED,P002,,delivery_status=NOT_DELIVERED
ACT000953,A004,CALCULATE_REFUND,ORD01347,CUST05342,,2026-05-15 12:25:30,BLOCKED,P008,,required_field_missing=order_total
ACT000954,A006,REFUND,ORD01348,CUST05343,,2026-06-03 09:34:24,BLOCKED,P003,,refund_already_processed=true
ACT000955,A004,REFUND,ORD01349,CUST05344,,2026-06-18 13:28:02,BLOCKED,P005,,agent_authorization=DENIED
ACT000956,A004,REFUND,ORD01350,CUST05345,,2026-06-03 11:17:36,ESCALATED,P001,,refund_amount=5605.37
ACT000957,A002,CANCEL_ORDER,ORD01351,CUST05346,,2026-05-13 09:22:51,BLOCKED,P007,,order_status=CANCELLED
ACT000958,A009,CANCEL_ORDER,ORD01352,CUST05347,,2026-07-15 11:03:53,BLOCKED,P007,,order_status=CANCELLED
ACT000959,A006,CALCULATE_REFUND,ORD01353,CUST05348,,2026-06-23 20:43:55,BLOCKED,P008,,required_field_missing=order_total
ACT000960,A002,REFUND,ORD01354,CUST05349,,2026-05-31 14:05:25,ESCALATED,P001,,refund_amount=7008.9
ACT000961,A009,REFUND,ORD01355,CUST05350,,2026-07-13 16:39:09,BLOCKED,P002,,delivery_status=NOT_DELIVERED
ACT000962,A009,GET_ORDER,ORD01356,CUST05351,,2026-06-27 10:10:13,BLOCKED,P004,,order_lookup=NOT_FOUND
ACT000963,A001,GET_ORDER,ORD01357,CUST05352,,2026-06-24 09:43:27,BLOCKED,P004,,order_lookup=NOT_FOUND
ACT000964,A009,REFUND,ORD01358,CUST05353,,2026-05-19 18:16:20,BLOCKED,P002,,delivery_status=NOT_DELIVERED
ACT000965,A001,REFUND,ORD01359,CUST05354,,2026-07-11 13:20:54,BLOCKED,P005,,agent_authorization=DENIED
ACT000966,A002,CANCEL_ORDER,ORD01360,CUST05355,,2026-05-02 17:39:37,BLOCKED,P007,,order_status=CANCELLED
ACT000967,A001,REFUND,ORD01361,CUST05356,,2026-05-20 10:37:37,BLOCKED,P002,,delivery_status=NOT_DELIVERED
ACT000968,A009,PAYMENT,ORD01362,CUST05357,,2026-07-12 17:50:18,ESCALATED,P006,,payment_amount=18779.06
ACT000969,A001,REFUND,ORD01363,CUST05358,,2026-07-02 15:30:02,BLOCKED,P003,,refund_already_processed=true
ACT000970,A001,CANCEL_ORDER,ORD01364,CUST05359,,2026-05-19 16:43:44,BLOCKED,P007,,order_status=CANCELLED
ACT000971,A001,CALCULATE_REFUND,ORD01365,CUST05360,,2026-06-12 16:03:47,BLOCKED,P008,,required_field_missing=order_total
ACT000972,A009,REFUND,ORD01366,CUST05361,,2026-06-17 07:52:50,BLOCKED,P005,,agent_authorization=DENIED
ACT000973,A004,GET_ORDER,ORD01367,CUST05362,,2026-07-02 18:43:06,BLOCKED,P004,,order_lookup=NOT_FOUND
ACT000974,A001,CANCEL_ORDER,ORD01368,CUST05363,,2026-06-26 17:20:17,BLOCKED,P007,,order_status=CANCELLED
ACT000975,A002,CANCEL_ORDER,ORD01369,CUST05364,,2026-05-12 11:13:58,BLOCKED,P007,,order_status=CANCELLED
ACT000976,A002,REFUND,ORD01370,CUST05365,,2026-07-06 18:52:03,BLOCKED,P003,,refund_already_processed=true
ACT000977,A001,REFUND,ORD01371,CUST05366,,2026-07-04 13:49:54,ESCALATED,P001,,refund_amount=5695.78
ACT000978,A006,CALCULATE_REFUND,ORD01372,CUST05367,,2026-05-26 18:15:02,BLOCKED,P008,,required_field_missing=order_total
ACT000979,A001,CALCULATE_REFUND,ORD01373,CUST05368,,2026-06-16 17:17:23,BLOCKED,P008,,required_field_missing=order_total
ACT000980,A002,CALCULATE_REFUND,ORD01374,CUST05369,,2026-05-16 16:15:23,BLOCKED,P008,,required_field_missing=order_total
ACT000981,A002,PAYMENT,ORD01375,CUST05370,,2026-05-23 20:30:37,ESCALATED,P006,,payment_amount=13443.15
ACT000982,A006,REFUND,ORD01376,CUST05371,,2026-06-03 17:44:05,BLOCKED,P005,,agent_authorization=DENIED
ACT000983,A001,GET_ORDER,ORD01377,CUST05372,,2026-05-07 10:36:49,BLOCKED,P004,,order_lookup=NOT_FOUND
ACT000984,A006,CANCEL_ORDER,ORD01378,CUST05373,,2026-05-29 16:17:41,BLOCKED,P007,,order_status=CANCELLED
ACT000985,A002,REFUND,ORD01379,CUST05374,,2026-05-02 14:08:41,BLOCKED,P003,,refund_already_processed=true
ACT000986,A002,REFUND,ORD01380,CUST05375,,2026-05-02 11:38:51,BLOCKED,P005,,agent_authorization=DENIED
ACT000987,A002,PAYMENT,ORD01381,CUST05376,,2026-06-05 13:24:54,ESCALATED,P006,,payment_amount=14590.52
ACT000988,A001,CANCEL_ORDER,ORD01382,CUST05377,,2026-06-08 16:52:39,BLOCKED,P007,,order_status=CANCELLED
ACT000989,A002,PAYMENT,ORD01383,CUST05378,,2026-05-01 14:42:53,ESCALATED,P006,,payment_amount=15615.01
ACT000990,A002,REFUND,ORD01384,CUST05379,,2026-06-06 12:06:30,BLOCKED,P002,,delivery_status=NOT_DELIVERED
ACT000991,A004,REFUND,ORD01385,CUST05380,,2026-06-05 16:55:17,BLOCKED,P005,,agent_authorization=DENIED
ACT000992,A002,GET_ORDER,ORD01386,CUST05381,,2026-06-08 11:33:48,BLOCKED,P004,,order_lookup=NOT_FOUND
ACT000993,A009,REFUND,ORD01387,CUST05382,,2026-06-21 16:43:08,ESCALATED,P001,,refund_amount=7621.95
ACT000994,A009,REFUND,ORD01388,CUST05383,,2026-06-03 19:25:24,ESCALATED,P001,,refund_amount=7332.51
ACT000995,A009,CALCULATE_REFUND,ORD01389,CUST05384,,2026-05-25 12:45:14,BLOCKED,P008,,required_field_missing=order_total
ACT000996,A009,REFUND,ORD01390,CUST05385,,2026-06-15 14:54:10,BLOCKED,P003,,refund_already_processed=true
ACT000997,A001,REFUND,ORD01391,CUST05386,,2026-06-30 10:16:46,BLOCKED,P003,,refund_already_processed=true
ACT000998,A009,GET_ORDER,ORD01392,CUST05387,,2026-06-12 16:14:22,BLOCKED,P004,,order_lookup=NOT_FOUND
ACT000999,A002,PAYMENT,ORD01393,CUST05388,,2026-06-09 13:56:21,ESCALATED,P006,,payment_amount=12606.33
ACT001000,A001,REFUND,ORD01394,CUST05389,,2026-05-16 14:55:40,BLOCKED,P002,,delivery_status=NOT_DELIVERED
